10.19482,-0.02848074,0.01191816,-0.1350887,-0.06138004,-0.1132554,-0.01238417,0.9915909
10.20882,-0.02853727,0.01188898,-0.1351194,-0.06135939,-0.1133955,-0.01245167,0.9915752
10.21747,-0.02857618,0.01186999,-0.1351417,-0.06135131,-0.1134649,-0.01238494,0.9915687
10.2282,-0.02857934,0.01186532,-0.1351578,-0.06128943,-0.113606,-0.01244376,0.9915556
10.24278,-0.02857665,0.01185133,-0.1351813,-0.06133115,-0.1136284,-0.01253446,0.9915493
10.25028,-0.02857268,0.01184838,-0.1351973,-0.06133388,-0.1136819,-0.01255648,0.9915428
10.26143,-0.02854851,0.01185662,-0.1352022,-0.06137339,-0.1137398,-0.01253816,0.9915339
10.2745,-0.0285179,0.01188236,-0.1352201,-0.06152502,-0.1136653,-0.01250372,0.9915335
10.28309,-0.02848093,0.01190136,-0.1352375,-0.06165365,-0.1136236,-0.0124203,0.9915313
10.29417,-0.02843033,0.01191956,-0.1352563,-0.06178146,-0.1135424,-0.0124216,0.9915326
10.30707,-0.02838943,0.01193847,-0.1352738,-0.06179029,-0.1134258,-0.01249889,0.9915444
10.3162,-0.02835234,0.011949,-0.1352912,-0.06184423,-0.1133455,-0.01259811,0.991549
10.3307,-0.0283127,0.01195374,-0.1353117,-0.06182774,-0.1132548,-0.01262996,0.99156
10.33907,-0.02827504,0.01195979,-0.1353264,-0.06175057,-0.1132275,-0.01265435,0.9915676
10.34943,-0.02824936,0.01193927,-0.1353449,-0.06177063,-0.1132261,-0.01271962,0.9915656
10.36253,-0.02824763,0.01192358,-0.1353589,-0.06176764,-0.1132469,-0.01274433,0.9915632
10.3715,-0.02823221,0.01191838,-0.1353757,-0.06178243,-0.1132683,-0.01281363,0.9915589
10.38293,-0.02821319,0.01191476,-0.1353947,-0.0618246,-0.1132758,-0.01288643,0.9915545
10.39491,-0.02818257,0.01191885,-0.135415,-0.0618224,-0.1132697,-0.01292793,0.9915548
10.40552,-0.02814565,0.01191317,-0.135435,-0.06188148,-0.11327,-0.01300706,0.99155
10.41781,-0.02812095,0.01191583,-0.1354545,-0.06186002,-0.1131591,-0.01302225,0.9915638
10.42795,-0.02809225,0.01191658,-0.1354651,-0.06186997,-0.11305,-0.01307581,0.9915749
10.43924,-0.02805563,0.01192547,-0.1354578,-0.06184167,-0.1129768,-0.01314354,0.9915842
10.4515,-0.02801682,0.01194219,-0.1354512,-0.06171403,-0.112921,-0.01320457,0.9915977
10.46217,-0.02799977,0.01194248,-0.1354625,-0.06174916,-0.1128631,-0.01318911,0.9916022
10.4737,-0.02799557,0.01195294,-0.1354721,-0.06178379,-0.1128162,-0.01321679,0.9916051
10.48683,-0.027997,0.0119775,-0.1354785,-0.06185479,-0.1128626,-0.01326166,0.9915947
10.49596,-0.0280035,0.0119957,-0.1354851,-0.06190296,-0.1128668,-0.01326027,0.9915913
10.50646,-0.02802014,0.01199866,-0.135489,-0.0619253,-0.1128242,-0.01328394,0.9915944
10.5194,-0.02804404,0.01198642,-0.1354395,-0.06181421,-0.1128398,-0.01334848,0.9915987
10.5286,-0.02806847,0.01197198,-0.1354152,-0.06183863,-0.1127615,-0.01333396,0.9916063
10.5393,-0.02809949,0.011968,-0.1353754,-0.06182851,-0.1126805,-0.01336229,0.9916158
10.5522,-0.02813187,0.01198777,-0.1353588,-0.06184375,-0.1125531,-0.01339383,0.9916288
10.56217,-0.02816524,0.01201458,-0.1353334,-0.0618539,-0.1124715,-0.01339019,0.9916376
10.57164,-0.02820609,0.01203462,-0.1353098,-0.06199553,-0.1123407,-0.01336305,0.9916439
10.58451,-0.02825245,0.01206523,-0.1352754,-0.06215186,-0.1122493,-0.01341978,0.9916437
10.59442,-0.02830018,0.01211862,-0.1352209,-0.06231572,-0.1121694,-0.01346015,0.9916419
10.60718,-0.02836732,0.01218508,-0.1351569,-0.06267374,-0.1119858,-0.01356788,0.9916386
10.61718,-0.02842605,0.01225195,-0.1350987,-0.06300337,-0.1119733,-0.01350156,0.9916201
10.62729,-0.02848272,0.01232025,-0.1350694,-0.06338712,-0.1119227,-0.01361566,0.9915998
10.63931,-0.02854773,0.01241632,-0.1350546,-0.06423666,-0.1118347,-0.0135912,0.9915553
10.64989,-0.02859842,0.01255235,-0.1350362,-0.06501536,-0.1116943,-0.01357018,0.9915207
10.66363,-0.02864181,0.01274563,-0.1350272,-0.06620402,-0.1114494,-0.01345053,0.9914712
10.67264,-0.02868739,0.01292676,-0.1350083,-0.0671123,-0.1112397,-0.01332383,0.9914354
10.68295,-0.02872597,0.01310506,-0.1349978,-0.06825221,-0.1111221,-0.01320971,0.9913723
10.69649,-0.02876139,0.01328944,-0.1350098,-0.06910355,-0.1109862,-0.01318129,0.991329
10.70601,-0.02878675,0.01343331,-0.1350388,-0.07017556,-0.1110747,-0.01317141,0.9912438
10.71708,-0.02881294,0.01356734,-0.1350648,-0.07092157,-0.1111831,-0.01283009,0.991183
10.72994,-0.02883009,0.01367408,-0.1350871,-0.0717528,-0.1112649,-0.01266577,0.9911162
10.73945,-0.0288486,0.01378692,-0.135087,-0.07249562,-0.1114255,-0.01263799,0.9910445
10.74939,-0.02884719,0.01388309,-0.1350494,-0.07317171,-0.1116,-0.01281518,0.9909728
10.7607,-0.02883935,0.01398431,-0.13499,-0.07379019,-0.1116621,-0.01298168,0.9909178
10.77313,-0.02882221,0.01408003,-0.1349014,-0.07438382,-0.1119355,-0.0131553,0.9908403
10.78356,-0.02879576,0.01415329,-0.1348217,-0.07493543,-0.1119581,-0.01315099,0.9907962
10.79595,-0.02874756,0.01420332,-0.1347353,-0.07539165,-0.1118764,-0.01296143,0.9907734
10.80649,-0.02868358,0.01425529,-0.1346462,-0.07586986,-0.1118253,-0.01290226,0.9907434
10.81718,-0.02859261,0.01429925,-0.1345572,-0.07626577,-0.1117523,-0.0129026,0.9907212
10.82959,-0.02848662,0.01430107,-0.1344657,-0.07645109,-0.1116429,-0.01266893,0.9907223
10.8397,-0.02837121,0.01426932,-0.1343869,-0.0768393,-0.111611,-0.01257614,0.990697
10.85047,-0.0282461,0.01425391,-0.1343071,-0.07736178,-0.1115266,-0.01252535,0.9906665
10.86319,-0.0281124,0.01432004,-0.1342328,-0.07811121,-0.1117146,-0.01227261,0.9905897
10.87314,-0.02798347,0.01440312,-0.1341817,-0.07893679,-0.1119306,-0.01218719,0.9905009
10.88387,-0.02785,0.01449836,-0.134151,-0.07928132,-0.1122458,-0.01217368,0.9904379
10.89638,-0.02771282,0.01456363,-0.1341581,-0.07945304,-0.1124743,-0.012363,0.9903958
10.90678,-0.02755943,0.01460641,-0.1341708,-0.079642,-0.1128334,-0.01239583,0.9903395
10.9173,-0.02740714,0.01465535,-0.1341724,-0.0796998,-0.1131605,-0.01259064,0.990295
10.93001,-0.02725199,0.01470906,-0.1341865,-0.07976936,-0.1133252,-0.01280177,0.9902678
10.94023,-0.02710669,0.01475639,-0.1342159,-0.07968681,-0.1133278,-0.01315752,0.9902695
10.95082,-0.02695585,0.01477763,-0.1342542,-0.07954953,-0.1134501,-0.01345677,0.9902626
10.96312,-0.02681629,0.01478232,-0.1342902,-0.07934982,-0.113358,-0.01360131,0.9902871
10.97282,-0.02667139,0.01479802,-0.1343087,-0.07905838,-0.1133562,-0.01361342,0.9903105
10.98356,-0.02655027,0.01481633,-0.1343172,-0.07890513,-0.1133168,-0.01373116,0.9903256
10.99574,-0.02648704,0.01481482,-0.1342983,-0.07867402,-0.1130526,-0.0142415,0.9903669
11.00665,-0.02644785,0.01481871,-0.1342714,-0.07809891,-0.1125778,-0.01484116,0.9904578
11.01856,-0.02645298,0.01480547,-0.134229,-0.07770277,-0.1118333,-0.01561484,0.9905613
11.02863,-0.02645615,0.01481593,-0.1341969,-0.07736044,-0.1110864,-0.01615655,0.9906635
11.03925,-0.02649614,0.01480511,-0.1341705,-0.07697087,-0.1103255,-0.0162225,0.9907778
11.05168,-0.02655719,0.0147612,-0.1341474,-0.07639417,-0.1097615,-0.01574556,0.9908928
11.0616,-0.02663225,0.01469807,-0.1341374,-0.0760788,-0.1092558,-0.0150528,0.9909837
11.0723,-0.02671274,0.0146419,-0.1340944,-0.07574511,-0.1091908,-0.01439315,0.9910262
11.08487,-0.02683289,0.014569,-0.1340528,-0.07563529,-0.109261,-0.01366646,0.9910371
11.09498,-0.026955,0.0144997,-0.1340183,-0.07535284,-0.1095502,-0.01313821,0.9910339
11.10681,-0.0271046,0.01441229,-0.1340039,-0.07520933,-0.1101489,-0.01285693,0.9909821
11.11687,-0.02725416,0.01433919,-0.1339855,-0.07537903,-0.1106988,-0.0126075,0.9909111
11.12773,-0.02738445,0.01430549,-0.1339395,-0.07537252,-0.1115549,-0.01268161,0.9908147
11.14031,-0.0275073,0.0142653,-0.1338852,-0.07549278,-0.1122805,-0.01295591,0.99072
11.15072,-0.02761178,0.01419621,-0.1338171,-0.07524785,-0.113112,-0.01338802,0.9906383
11.16118,-0.02771621,0.01412163,-0.1337401,-0.07498533,-0.1137275,-0.0137932,0.9905822
11.17374,-0.02780663,0.01405357,-0.1336367,-0.07476663,-0.1145062,-0.01399954,0.9905061
11.18404,-0.02789589,0.01403202,-0.1335486,-0.07473285,-0.1151462,-0.01403349,0.9904341
11.19462,-0.02798242,0.01403777,-0.1334458,-0.07470709,-0.1159497,-0.01405619,0.9903418
11.20706,-0.02808212,0.01405139,-0.1333393,-0.07463813,-0.1166669,-0.01409298,0.9902623
11.21777,-0.02819331,0.01405652,-0.1332487,-0.07465313,-0.117444,-0.01399874,0.9901707
11.22834,-0.02832077,0.01406262,-0.1331449,-0.07460525,-0.1181287,-0.01392135,0.9900939
11.24023,-0.02845953,0.01406878,-0.1330268,-0.07444705,-0.1190976,-0.01372975,0.9899924
11.25018,-0.02861149,0.01406408,-0.1329304,-0.0742068,-0.1198964,-0.01365355,0.9899151
11.26129,-0.02878002,0.01403568,-0.1328662,-0.07388356,-0.1205416,-0.01362658,0.9898612
11.2737,-0.02895509,0.01396146,-0.1328434,-0.07346612,-0.1212773,-0.01369077,0.9898016
11.2837,-0.02912272,0.01389636,-0.1328233,-0.0730537,-0.1217941,-0.01383308,0.9897667
11.29464,-0.02928372,0.0138208,-0.132822,-0.07278234,-0.1223497,-0.01396767,0.9897162
11.30679,-0.02944001,0.01374417,-0.132837,-0.07268105,-0.1226819,-0.01421314,0.9896791
11.31776,-0.02958377,0.01368863,-0.1328562,-0.07244005,-0.1229592,-0.01426998,0.9896616
11.32772,-0.02971544,0.0136355,-0.1328801,-0.07236823,-0.1232677,-0.01424848,0.9896287
11.34096,-0.02983654,0.0135963,-0.1329293,-0.07237318,-0.1234098,-0.01410854,0.9896126
11.3519,-0.0299383,0.01358284,-0.1329809,-0.07232621,-0.1236078,-0.01409907,0.9895915
11.36065,-0.03003312,0.01357738,-0.133023,-0.07244394,-0.1236859,-0.01394317,0.9895753
11.37224,-0.03010116,0.01357776,-0.1330785,-0.07261505,-0.1236992,-0.0138281,0.9895627
11.38371,-0.03014531,0.01358967,-0.1331323,-0.07264907,-0.1235545,-0.01377832,0.989579
11.39371,-0.03017828,0.01360666,-0.133148,-0.07269892,-0.1235897,-0.01376666,0.9895711
11.40609,-0.03017529,0.01365298,-0.1331448,-0.07283656,-0.1234677,-0.0136693,0.9895776
11.41702,-0.0301803,0.01369815,-0.1331464,-0.07301174,-0.1233155,-0.01363059,0.9895841
11.42783,-0.03016242,0.01373007,-0.1331522,-0.07314249,-0.1232594,-0.01377953,0.9895794
11.44033,-0.03014351,0.01376409,-0.1331542,-0.07311018,-0.1231841,-0.01415727,0.9895859
11.45063,-0.03013962,0.0137816,-0.1331576,-0.07296796,-0.1231624,-0.01457701,0.989593
11.46156,-0.03011911,0.01376777,-0.1331472,-0.07281926,-0.1232188,-0.01482612,0.9895933
11.4739,-0.03010496,0.01372742,-0.1331419,-0.07253619,-0.1232201,-0.01482261,0.9896139
11.48591,-0.03009309,0.01367174,-0.1331412,-0.07224299,-0.123411,-0.01483273,0.9896114
11.49485,-0.0300962,0.01361353,-0.133148,-0.07217029,-0.1235796,-0.01499722,0.9895932
11.50724,-0.03009978,0.01357757,-0.1331455,-0.0719488,-0.1237611,-0.01492258,0.9895877
11.51637,-0.03011284,0.01355902,-0.1331487,-0.07179429,-0.123848,-0.0148222,0.9895896
11.52703,-0.03012766,0.01354301,-0.1331447,-0.07185004,-0.1239962,-0.01471642,0.9895686
11.53942,-0.03012886,0.01352018,-0.1331421,-0.07189289,-0.1242769,-0.01470404,0.9895304
11.55007,-0.03014192,0.01352622,-0.1331278,-0.07188527,-0.1244509,-0.01459047,0.9895108
11.56076,-0.03015913,0.01354402,-0.1331097,-0.07179704,-0.1246492,-0.01455204,0.9894928
11.57272,-0.03017023,0.01356019,-0.1330935,-0.07181751,-0.1251029,-0.0144259,0.989436
11.58349,-0.03020141,0.01356815,-0.1331168,-0.07183316,-0.1252961,-0.01455186,0.9894085
11.59459,-0.03023519,0.0135774,-0.1331456,-0.0717941,-0.1255461,-0.01447386,0.9893808
11.60723,-0.03026898,0.01358538,-0.1331834,-0.07189875,-0.1257361,-0.01444757,0.9893495
11.61786,-0.03029913,0.01359811,-0.1332188,-0.07194488,-0.1259326,-0.01447584,0.9893207
11.62805,-0.03031318,0.01361875,-0.1332453,-0.0719709,-0.1262125,-0.01464464,0.9892806
11.6399,-0.03033869,0.01362398,-0.1332765,-0.07225098,-0.1265011,-0.0145862,0.9892243
11.6502,-0.0303664,0.0136485,-0.1333074,-0.07254349,-0.1267248,-0.01443062,0.9891765
11.66132,-0.03038591,0.01370589,-0.1333387,-0.07302735,-0.1270805,-0.0141456,0.9890993
11.67368,-0.03040894,0.01379109,-0.1333832,-0.0733857,-0.1275185,-0.0142936,0.9890143
11.68369,-0.03044898,0.01386761,-0.1334415,-0.07380985,-0.1278303,-0.01434725,0.9889417
11.69557,-0.03049866,0.01396867,-0.1335075,-0.07417059,-0.1283215,-0.01454921,0.9888481
11.70617,-0.03055117,0.01409556,-0.1335647,-0.07476616,-0.1288777,-0.01458217,0.9887304
11.71638,-0.03061048,0.0142452,-0.1336152,-0.07570563,-0.1293998,-0.01458309,0.9885908
11.72875,-0.03067906,0.01445609,-0.1336596,-0.07659826,-0.130089,-0.01456472,0.9884318
11.73941,-0.03075381,0.0146522,-0.1337163,-0.0778092,-0.1306249,-0.01468627,0.9882648
11.74983,-0.03082951,0.0149441,-0.1337731,-0.07974762,-0.131347,-0.01513402,0.9880077
11.76204,-0.03097855,0.0159405,-0.1338283,-0.08266409,-0.1322284,-0.01592555,0.9876379
11.77213,-0.03108623,0.0165964,-0.1339312,-0.08600012,-0.1330601,-0.01679001,0.987227
11.78374,-0.03109752,0.01726542,-0.1340787,-0.08952886,-0.1342089,-0.01787025,0.9867387
11.79596,-0.03116537,0.01794288,-0.1342774,-0.09271768,-0.1354246,-0.01851501,0.9862661
11.8065,-0.03122471,0.01845017,-0.1345083,-0.09605274,-0.1369777,-0.01905564,0.9857221
11.81696,-0.03132788,0.01900939,-0.1347492,-0.09844546,-0.1387368,-0.01967367,0.9852276
11.82961,-0.03153241,0.01913792,-0.1350945,-0.1008935,-0.1401526,-0.02066691,0.9847592
11.83972,-0.03163341,0.01947712,-0.1353433,-0.1025719,-0.1417014,-0.02123808,0.9843519
11.8505,-0.03167895,0.01982091,-0.1355729,-0.1035503,-0.1430632,-0.0219384,0.9840371
11.86239,-0.03170305,0.01987835,-0.1357959,-0.1047351,-0.1439921,-0.0224342,0.983765
11.87272,-0.03166185,0.02003292,-0.1359776,-0.1055147,-0.1449752,-0.02275345,0.9835299
11.88472,-0.03168364,0.02022249,-0.1361328,-0.1055198,-0.1452493,-0.02283694,0.983487
11.89504,-0.03164565,0.02029603,-0.1362525,-0.1059674,-0.1456733,-0.02291003,0.9833745
11.90583,-0.03164057,0.02046408,-0.1363478,-0.1063051,-0.1459736,-0.02283399,0.9832953
11.9179,-0.03166974,0.02062876,-0.1364702,-0.1073816,-0.1462388,-0.02276877,0.9831404
11.92906,-0.03168716,0.02092791,-0.1366155,-0.1082214,-0.1467034,-0.02275591,0.9829794
11.93945,-0.03170167,0.02105644,-0.1368089,-0.1092689,-0.1472535,-0.0227718,0.9827809
11.95053,-0.03171845,0.0211906,-0.1369398,-0.1099294,-0.1478547,-0.02288721,0.9826142
11.96077,-0.03173564,0.0212607,-0.1370867,-0.1101389,-0.1483281,-0.02296938,0.9825175
11.97135,-0.03175724,0.02128615,-0.1372492,-0.1101457,-0.1488025,-0.02307406,0.9824426
11.98432,-0.03178901,0.02126032,-0.1374039,-0.1101884,-0.1491315,-0.02333346,0.9823818
11.99463,-0.03181938,0.02127682,-0.1375483,-0.1103451,-0.1495884,-0.02346827,0.9822915
12.0058,-0.03185927,0.02127871,-0.1376847,-0.1101477,-0.1499334,-0.02374117,0.9822545
12.01781,-0.03191578,0.02123126,-0.1378056,-0.1099315,-0.1503276,-0.02392966,0.9822139
12.02836,-0.03198826,0.02117781,-0.1379081,-0.1096294,-0.1505711,-0.02397992,0.9822091
12.03888,-0.03209202,0.02109187,-0.1379739,-0.1091212,-0.1509802,-0.02383509,0.9822065
12.05142,-0.03222945,0.0209468,-0.1380243,-0.1085358,-0.1514858,-0.02373426,0.9821959
12.06223,-0.03236482,0.02077046,-0.1380851,-0.1078131,-0.1520861,-0.02357828,0.9821864
12.07227,-0.03252054,0.02054606,-0.1381563,-0.1070411,-0.1526505,-0.02293042,0.9821987
12.0847,-0.03269846,0.02029798,-0.1381958,-0.1062295,-0.1536582,-0.02215755,0.9821474
12.09476,-0.03286465,0.02006813,-0.138211,-0.1056101,-0.1548107,-0.02163593,0.9820448
12.10588,-0.03311652,0.01977155,-0.1380455,-0.1048211,-0.156254,-0.02120397,0.9819102
12.1182,-0.03327199,0.01954173,-0.1379641,-0.1040188,-0.1578546,-0.02100636,0.9817438
12.12824,-0.03339197,0.01930714,-0.1378766,-0.1031883,-0.1594958,-0.02091815,0.981568
12.1389,-0.03344375,0.01913695,-0.1377549,-0.1024364,-0.161465,-0.02084344,0.9813263
12.15127,-0.03347257,0.01902527,-0.1376728,-0.1015328,-0.1634163,-0.02089084,0.9810962
12.16133,-0.0336623,0.01882084,-0.1376884,-0.1007132,-0.1650021,-0.02103601,0.9809121
12.17233,-0.03367182,0.01869194,-0.1376005,-0.09963524,-0.1666838,-0.02139654,0.9807301
12.18517,-0.0336355,0.01853631,-0.1375368,-0.09839351,-0.1681286,-0.02180774,0.9805998
12.19568,-0.03360471,0.01836664,-0.1374795,-0.09701939,-0.1695661,-0.02199145,0.9804851
12.20706,-0.03354605,0.01819116,-0.1374718,-0.09561591,-0.170855,-0.02230967,0.980392
12.21707,-0.03349251,0.01802009,-0.1375005,-0.0945008,-0.1721161,-0.02287516,0.9802665
12.2282,-0.03342208,0.0178761,-0.1376127,-0.09334308,-0.1729805,-0.02323151,0.9802169
12.24023,-0.03334614,0.01776803,-0.1377651,-0.09248732,-0.1738276,-0.023503,0.9801416
12.2504,-0.03328645,0.0176781,-0.1379474,-0.0915031,-0.1744484,-0.02376049,0.9801176
12.26179,-0.03323025,0.01762687,-0.1381907,-0.09082691,-0.1748943,-0.02389831,0.9800977
12.27399,-0.03318762,0.01757157,-0.138426,-0.09019984,-0.1754958,-0.02396219,0.9800465
12.28436,-0.03315822,0.01752102,-0.1386796,-0.08971262,-0.1761077,-0.02396297,0.9799814
12.29603,-0.03316508,0.01748411,-0.1389585,-0.08917868,-0.1765333,-0.02393302,0.9799542
12.30627,-0.03324138,0.01757424,-0.139373,-0.08895568,-0.1769736,-0.02399645,0.9798936
12.31658,-0.03326622,0.01755787,-0.1396232,-0.08892776,-0.1773858,-0.0239681,0.9798223
12.32907,-0.03329224,0.01760789,-0.1399043,-0.0890125,-0.1777564,-0.02342014,0.9797607
12.33992,-0.03329121,0.01761285,-0.1401614,-0.08909084,-0.1781341,-0.02317423,0.9796908
12.35059,-0.03335885,0.01761333,-0.1403906,-0.08923843,-0.1784132,-0.02288333,0.9796334
12.36297,-0.03341047,0.01767005,-0.1405787,-0.089315,-0.1788374,-0.02298912,0.9795466
12.37279,-0.03349893,0.01775811,-0.1407564,-0.08956164,-0.1791768,-0.02295071,0.979463
12.38385,-0.03357946,0.01782294,-0.1409957,-0.08992148,-0.179378,-0.02316153,0.9793882
12.39604,-0.03363331,0.01789262,-0.1411431,-0.09032189,-0.1798026,-0.02334713,0.9792691
12.40649,-0.03372664,0.01795631,-0.1413089,-0.090819,-0.1801542,-0.02336286,0.9791582
12.4173,-0.03383062,0.01803801,-0.1414199,-0.0910809,-0.1805458,-0.02355026,0.9790571
12.42934,-0.03388153,0.01804102,-0.1416487,-0.09137842,-0.1809229,-0.02375502,0.9789549
12.43931,-0.03399357,0.01805069,-0.1417291,-0.09140446,-0.1812766,-0.02388834,0.9788838
12.45005,-0.0341296,0.0180296,-0.1417706,-0.09142461,-0.1815533,-0.02387642,0.9788309
12.46285,-0.03427335,0.01798697,-0.1417593,-0.09111843,-0.1819645,-0.02387463,0.9787832
12.47286,-0.03442045,0.01793382,-0.1417515,-0.09103678,-0.1822888,-0.02380707,0.978732
12.48366,-0.03458725,0.01787968,-0.141713,-0.09079577,-0.182514,-0.02366624,0.9787159
12.49605,-0.03476904,0.01780951,-0.1416395,-0.09052595,-0.1826911,-0.02358115,0.9787099
12.50658,-0.03494212,0.01771585,-0.1415386,-0.09009011,-0.1828864,-0.02357336,0.9787138
12.51674,-0.03512245,0.01756427,-0.141372,-0.08960209,-0.183127,-0.02359504,0.9787131
12.52904,-0.03532048,0.01738603,-0.1411552,-0.08918662,-0.1834655,-0.02357049,0.9786882
12.54005,-0.03554295,0.01725407,-0.1410064,-0.08872251,-0.183729,-0.02333041,0.9786867
12.55015,-0.03586631,0.01712325,-0.140903,-0.08837751,-0.1839041,-0.02332607,0.9786852
12.56199,-0.03609404,0.01708535,-0.140849,-0.08807093,-0.1843193,-0.02302431,0.9786418
12.57181,-0.03633629,0.01703121,-0.1407961,-0.08771313,-0.1846461,-0.02281077,0.9786173
12.58323,-0.03659562,0.01696056,-0.1407821,-0.08750712,-0.1849856,-0.02254659,0.9785778
12.59522,-0.03683615,0.0168611,-0.1406701,-0.08713666,-0.1853803,-0.02248031,0.9785377
12.60641,-0.0370855,0.01674664,-0.1405884,-0.0868654,-0.1856284,-0.02234721,0.9785178
12.61884,-0.03733008,0.01664976,-0.1404998,-0.08664007,-0.1859071,-0.02192579,0.9784945
12.62834,-0.03751999,0.01657105,-0.1404692,-0.08636588,-0.1862194,-0.02185907,0.9784608
12.63852,-0.03769933,0.01652367,-0.1404299,-0.08608245,-0.1865454,-0.02177503,0.9784256
12.65063,-0.03789907,0.01649618,-0.1404337,-0.08598256,-0.1867399,-0.0216838,0.9783993
12.66075,-0.03811537,0.01642131,-0.1403816,-0.08594593,-0.1871326,-0.02160582,0.9783291
12.67186,-0.03827846,0.01638429,-0.1403632,-0.0859668,-0.1873296,-0.02148018,0.9782923
12.68445,-0.03841551,0.01635218,-0.1403373,-0.08569688,-0.187479,-0.02145647,0.978288
12.69505,-0.03854034,0.01630155,-0.1403183,-0.0854934,-0.1876022,-0.02144972,0.9782823
12.70683,-0.03862788,0.01625813,-0.1403025,-0.08522855,-0.1877117,-0.02143231,0.9782848
12.71643,-0.03871188,0.01621261,-0.1402823,-0.08510614,-0.1879198,-0.02141829,0.9782558
12.72812,-0.03877579,0.01620485,-0.1402704,-0.08507252,-0.187867,-0.02132604,0.9782709
12.74009,-0.03882347,0.01621317,-0.1402583,-0.08514462,-0.1880159,-0.0212095,0.9782385
12.74968,-0.03891484,0.01624532,-0.1402389,-0.08529067,-0.188137,-0.0211511,0.9782038
12.75996,-0.03900485,0.01628865,-0.1402207,-0.08550785,-0.1882951,-0.021034,0.9781569
12.77225,-0.03907436,0.01635117,-0.1401994,-0.08555295,-0.1886314,-0.02072287,0.9780948
12.7829,-0.03911442,0.01638212,-0.1402087,-0.08584249,-0.1887117,-0.02050519,0.9780586
12.79487,-0.03912391,0.0164137,-0.1402125,-0.08598185,-0.1888273,-0.0204514,0.9780251
12.80554,-0.03912081,0.01644366,-0.1402206,-0.08598946,-0.1889006,-0.02055421,0.9780082
12.81629,-0.03910337,0.01645526,-0.140227,-0.08603799,-0.1889739,-0.02085382,0.9779834
12.82822,-0.03907459,0.01646196,-0.1402414,-0.08595281,-0.1890238,-0.02097159,0.9779788
12.83895,-0.03903407,0.01646464,-0.1402702,-0.08604737,-0.1890561,-0.02090499,0.9779656
12.84908,-0.03899346,0.01647055,-0.1402986,-0.08618691,-0.1891318,-0.0210291,0.977936
12.86144,-0.03894427,0.01647921,-0.140321,-0.08618946,-0.1892238,-0.0211347,0.9779157
12.87194,-0.03889629,0.01646425,-0.1403332,-0.08629878,-0.1892792,-0.0211472,0.9778951
12.88319,-0.03883824,0.01644204,-0.1403511,-0.0862685,-0.1893153,-0.02112421,0.9778912
12.89499,-0.0387802,0.01639972,-0.1403776,-0.08631089,-0.189342,-0.02110427,0.9778827
12.90579,-0.03872357,0.01637926,-0.1403973,-0.0862565,-0.189435,-0.02117155,0.9778681
12.91675,-0.03867303,0.01636372,-0.1404254,-0.0862513,-0.1894763,-0.02118955,0.9778602
12.92837,-0.03861647,0.01634989,-0.1404558,-0.08620175,-0.1894648,-0.02126944,0.977865
12.93822,-0.03855596,0.0163349,-0.1404833,-0.08625212,-0.1894563,-0.02132927,0.9778609
12.9495,-0.0384923,0.01631412,-0.1405044,-0.08636713,-0.1894632,-0.02138825,0.9778482
12.96068,-0.03843033,0.01631454,-0.140516,-0.08656151,-0.1896131,-0.02136903,0.9778023
12.97064,-0.03838372,0.01633308,-0.1405365,-0.08685761,-0.189836,-0.02142879,0.9777315
12.98239,-0.03835078,0.01636911,-0.1405661,-0.08720143,-0.1903976,-0.0214488,0.9775913
12.99597,-0.03833458,0.01639514,-0.1406508,-0.0874128,-0.1907646,-0.02160602,0.9774973
13.00488,-0.03830105,0.01640916,-0.14072,-0.0875713,-0.1912322,-0.0217898,0.9773877
13.01658,-0.03828045,0.01643204,-0.1408086,-0.08791626,-0.1916037,-0.02184526,0.9772828
13.02753,-0.03826344,0.01648846,-0.1408618,-0.08839283,-0.1921682,-0.02183652,0.977129
13.03846,-0.03825697,0.01659165,-0.1408978,-0.08912751,-0.1928782,-0.02191508,0.9769207
13.05032,-0.03826704,0.0167316,-0.1409456,-0.09014375,-0.1937979,-0.0222268,0.9766384
13.06129,-0.03830032,0.01689769,-0.140992,-0.09117913,-0.1946982,-0.02244685,0.9763582
13.07164,-0.03837811,0.01716146,-0.1410568,-0.09278397,-0.1960754,-0.02292754,0.9759201
13.08323,-0.03853393,0.0176101,-0.1411231,-0.09581581,-0.1979844,-0.02378544,0.9752209
13.09421,-0.03909026,0.01925408,-0.1413186,-0.1006505,-0.2008828,-0.02551869,0.9740967
13.10619,-0.03962561,0.02063017,-0.1416469,-0.1072593,-0.2047891,-0.02843291,0.972496
13.11629,-0.03997949,0.02231462,-0.1419539,-0.1143996,-0.2101527,-0.03216393,0.9704196
13.12701,-0.04055614,0.02415648,-0.1425508,-0.1232859,-0.216443,-0.03618482,0.9678036
13.13975,-0.04114901,0.02593962,-0.143373,-0.1328122,-0.2240393,-0.04025562,0.9646486
13.14995,-0.04168739,0.02770778,-0.1443228,-0.1420788,-0.2320007,-0.04430681,0.9612628
13.16099,-0.04229695,0.02963666,-0.1455049,-0.1523827,-0.2409531,-0.04902733,0.9572448
13.17251,-0.0429649,0.03167918,-0.1469518,-0.1633794,-0.2508198,-0.05452913,0.9525877
13.1839,-0.04356994,0.03363172,-0.1484808,-0.1736877,-0.2606715,-0.05990484,0.9477839
13.19381,-0.04406123,0.03526346,-0.1500147,-0.183303,-0.2708162,-0.06513046,0.9427708
13.20574,-0.04448608,0.03678805,-0.1516501,-0.1911692,-0.2809921,-0.07028082,0.9378477
13.2166,-0.04493535,0.03796284,-0.1534223,-0.1984849,-0.2904557,-0.07549423,0.9330273
13.22728,-0.04526954,0.03908226,-0.1550133,-0.2044678,-0.2996177,-0.08021957,0.9284326
13.23966,-0.0454411,0.03988113,-0.1566652,-0.2097725,-0.307825,-0.08404302,0.9242165
13.24977,-0.04568874,0.0406846,-0.1582676,-0.2140223,-0.3149962,-0.08708238,0.9205371
13.26041,-0.04574398,0.04132717,-0.1595875,-0.2181326,-0.3219771,-0.08889849,0.9169766
13.27262,-0.04572191,0.04192461,-0.1608142,-0.2218383,-0.3275807,-0.0895499,0.9140347
13.2835,-0.04565346,0.04236941,-0.1619908,-0.2258422,-0.3328197,-0.09010751,0.9111021
13.29521,-0.04547837,0.04293815,-0.1631147,-0.2293272,-0.337639,-0.09067056,0.9083985
13.30557,-0.0452292,0.04342537,-0.1641288,-0.2328577,-0.3422086,-0.09083253,0.9057704
13.31584,-0.04495933,0.04372653,-0.165102,-0.2364282,-0.3456297,-0.09135221,0.9034914
13.32789,-0.04440714,0.0443984,-0.1658998,-0.2392131,-0.3488755,-0.09182733,0.9014604
13.33875,-0.04371671,0.04476248,-0.1666942,-0.2422266,-0.3518212,-0.0923514,0.8994551
13.35059,-0.04307729,0.04527001,-0.1676423,-0.244385,-0.3541639,-0.09557661,0.897613
13.36083,-0.04235906,0.04567083,-0.1681664,-0.2481762,-0.3565004,-0.09779843,0.8954058
13.37099,-0.04135427,0.04604459,-0.1688337,-0.2511713,-0.3587861,-0.09860768,0.893567
13.38428,-0.04042345,0.04642266,-0.1696066,-0.2538163,-0.3605831,-0.1003035,0.891906
13.39463,-0.03945696,0.0468435,-0.1703032,-0.2569789,-0.3628748,-0.1033553,0.8897198
13.40482,-0.03828036,0.04737127,-0.1710609,-0.2601864,-0.3655378,-0.1066879,0.887301
13.41641,-0.03706486,0.04787054,-0.1717882,-0.2636978,-0.3681238,-0.1108171,0.8846852
13.42734,-0.03578689,0.04843248,-0.1725438,-0.2677015,-0.3706519,-0.1135505,0.8820767
13.43948,-0.03447651,0.04880231,-0.1734132,-0.271513,-0.3728595,-0.1164809,0.8795957
13.44987,-0.03311308,0.04920627,-0.1741366,-0.2753,-0.3754843,-0.1197968,0.8768525
13.46087,-0.03172868,0.04966324,-0.1749684,-0.2786239,-0.3778684,-0.1236328,0.8742421
13.47288,-0.03030756,0.05021819,-0.1758435,-0.2820988,-0.3801278,-0.1269875,0.8716635
13.48341,-0.02886736,0.05083975,-0.1766916,-0.2860925,-0.3824008,-0.1303782,0.8688626
13.49429,-0.02750596,0.05132723,-0.1775374,-0.2903232,-0.3846492,-0.1336077,0.8659714
13.50646,-0.02612805,0.05171971,-0.1782865,-0.2936456,-0.3872865,-0.1361837,0.8632702
13.51672,-0.0249276,0.0518852,-0.179076,-0.2967254,-0.3895517,-0.1384634,0.8608319
13.5271,-0.02367838,0.05215169,-0.1797025,-0.2990449,-0.3922333,-0.139997,0.8585605
13.53964,-0.02265619,0.052132,-0.180361,-0.3007532,-0.3941547,-0.1413706,0.8568571
13.55074,-0.02158557,0.0523357,-0.180891,-0.3016826,-0.3964997,-0.1421408,0.8553197
13.5604,-0.0206905,0.05248838,-0.1813968,-0.302938,-0.398739,-0.1429214,0.8537033
13.57252,-0.01993344,0.05270331,-0.1818854,-0.3036006,-0.401224,-0.1431781,0.8522593
13.58321,-0.01915842,0.05279891,-0.1823905,-0.3041216,-0.4041427,-0.1437496,0.8505967
13.5938,-0.01856209,0.05279328,-0.1830033,-0.3041593,-0.4069519,-0.1443373,0.8491431
13.60594,-0.01795202,0.05277824,-0.1833644,-0.3039303,-0.4107777,-0.1443213,0.8473839
13.61716,-0.01755971,0.0526921,-0.1839588,-0.30356,-0.4138645,-0.1439236,0.8460813
13.6278,-0.01719065,0.0526207,-0.1843318,-0.3029343,-0.4175729,-0.1437166,0.8445172
13.63927,-0.01695122,0.0525289,-0.1845983,-0.3020646,-0.421641,-0.1437646,0.8427975
13.64996,-0.01682676,0.05253879,-0.1849609,-0.3011572,-0.4257178,-0.1437133,0.8410798
13.66134,-0.01667481,0.05261127,-0.1853003,-0.3001501,-0.4304652,-0.1438278,0.8390014
13.67279,-0.01669966,0.05245126,-0.1858039,-0.2996339,-0.4350219,-0.1440096,0.8368015
13.68241,-0.01672445,0.05247525,-0.1863205,-0.2982126,-0.4400727,-0.1440615,0.8346566
13.69403,-0.0168801,0.05241635,-0.1868819,-0.2965325,-0.4453786,-0.1440836,0.8324341
13.70524,-0.01710066,0.05225309,-0.1873598,-0.2953254,-0.4511412,-0.1437749,0.8298092
13.71579,-0.01752458,0.05211159,-0.1881152,-0.2935595,-0.4567709,-0.1426584,0.8275456
13.72826,-0.01814492,0.05174285,-0.1886069,-0.291983,-0.4635229,-0.1414958,0.8245432
13.73888,-0.01874,0.0515604,-0.1891627,-0.2896491,-0.4705612,-0.1404174,0.8215587
13.7511,-0.01933252,0.05133312,-0.1898496,-0.2875415,-0.4777828,-0.1394601,0.8182875
13.76146,-0.01990555,0.05113409,-0.1905796,-0.2857209,-0.4845836,-0.1386102,0.8150642
13.77086,-0.02044877,0.0510224,-0.1912166,-0.2841103,-0.4913999,-0.1372792,0.8117647
13.7836,-0.02098386,0.05081819,-0.1917598,-0.2826175,-0.4981288,-0.13641,0.8083239
13.79326,-0.0215522,0.05050869,-0.1922672,-0.2808308,-0.5046664,-0.1352335,0.8050825
13.80422,-0.02215477,0.05006858,-0.1927623,-0.2787153,-0.5109382,-0.1340221,0.8020586
13.81693,-0.02274096,0.04950704,-0.193102,-0.2760198,-0.5172075,-0.1328021,0.7991703
13.82697,-0.0232058,0.04896127,-0.193425,-0.2731584,-0.5231736,-0.1318848,0.7964172
13.83718,-0.02356579,0.04860989,-0.1936657,-0.2698132,-0.5289216,-0.1308422,0.7939289
13.84924,-0.0239394,0.04821634,-0.1938187,-0.2667674,-0.5338559,-0.130012,0.7917892
13.86001,-0.02418531,0.04803954,-0.1938242,-0.2639906,-0.538663,-0.1292144,0.7895916
13.87222,-0.02449469,0.04765517,-0.1940006,-0.2619317,-0.5421855,-0.12908,0.7878864
13.8825,-0.02469292,0.04732938,-0.1939185,-0.2595466,-0.5455508,-0.1288889,0.7863826
13.89311,-0.02485109,0.04712535,-0.1937152,-0.257087,-0.5488583,-0.1282311,0.7849953
13.90581,-0.02500439,0.04685378,-0.1936133,-0.254605,-0.5509516,-0.1277802,0.7844112
13.91618,-0.02510299,0.04646868,-0.1934943,-0.2522365,-0.5528126,-0.1276335,0.7838907
13.92795,-0.02519931,0.04613416,-0.1931084,-0.250012,-0.5550349,-0.1277255,0.7830176
13.93883,-0.02533172,0.04596253,-0.1929228,-0.2474702,-0.5568346,-0.1277185,0.7825482
13.94941,-0.02543523,0.04572921,-0.1929385,-0.245637,-0.5584648,-0.1278204,0.7819472
13.96123,-0.02553823,0.04561387,-0.1930842,-0.2440111,-0.5600318,-0.1278035,0.7813381
13.97149,-0.02568279,0.04549169,-0.1931135,-0.2425144,-0.5620925,-0.1276428,0.78035
13.98213,-0.02587014,0.04527881,-0.1932518,-0.2410144,-0.5640836,-0.1273277,0.779429
13.99401,-0.02615985,0.04506671,-0.1933123,-0.2392919,-0.5662233,-0.1268069,0.7784926
14.0053,-0.02644215,0.04478002,-0.1933185,-0.2372688,-0.5686415,-0.1267182,0.7773628
14.01675,-0.02680075,0.04452878,-0.193519,-0.2353762,-0.5707864,-0.126142,0.7764594
14.02761,-0.02718052,0.04414715,-0.1937167,-0.2334865,-0.5731083,-0.1256409,0.7754001
14.03849,-0.0274945,0.04378115,-0.1939495,-0.2314023,-0.5757166,-0.1249903,0.7741969
14.04921,-0.02787617,0.04342542,-0.1942796,-0.229338,-0.5784047,-0.1241185,0.7729468
14.06037,-0.02834396,0.04294257,-0.19477,-0.2273872,-0.5811962,-0.1232336,0.7715696
14.07097,-0.02891401,0.04265242,-0.1952473,-0.2251375,-0.5845114,-0.1218681,0.76994
14.08277,-0.02955771,0.0421767,-0.1957877,-0.2234871,-0.5879827,-0.1203389,0.768016
14.09303,-0.03021679,0.04173505,-0.1963185,-0.2212559,-0.5917671,-0.1190931,0.7659467
14.10512,-0.03091616,0.04125909,-0.1970094,-0.2190599,-0.5953972,-0.1174082,0.7640225
14.11668,-0.03147236,0.0408733,-0.197728,-0.2163263,-0.5994406,-0.1157668,0.7618871
14.12731,-0.03208544,0.04042265,-0.1985311,-0.2133647,-0.6032661,-0.1145361,0.7598862
14.13958,-0.03267455,0.03990652,-0.1993121,-0.2110215,-0.6073525,-0.1129436,0.75752
14.15063,-0.03339879,0.03942772,-0.1999939,-0.2081684,-0.6114269,-0.1114327,0.7552522
14.1608,-0.03410193,0.03903257,-0.2006726,-0.2056693,-0.6154162,-0.1094879,0.7529777
14.17231,-0.03480142,0.03857312,-0.2013325,-0.2031904,-0.6192122,-0.1078551,0.7507711
14.18372,-0.03553241,0.03816566,-0.2020959,-0.2008302,-0.6226448,-0.1062431,0.7487945
14.19439,-0.0361058,0.03780294,-0.2027919,-0.1987379,-0.6262674,-0.1048136,0.7465296
14.20669,-0.03661,0.03761245,-0.2037043,-0.1968464,-0.6294622,-0.102919,0.7446049
14.21598,-0.03717001,0.03721765,-0.2045528,-0.1953256,-0.6324538,-0.1016112,0.7426475
14.22632,-0.03769241,0.03697765,-0.2052363,-0.1938876,-0.635308,-0.1004314,0.7407463
14.23856,-0.03820943,0.03671516,-0.2058673,-0.1930504,-0.6380405,-0.09900215,0.7388061
14.24878,-0.03865375,0.0365247,-0.2065003,-0.1918621,-0.6406383,-0.0979454,0.7370062
14.25991,-0.03909683,0.03628472,-0.2071313,-0.1911893,-0.6429234,-0.09705827,0.7353067
14.27197,-0.03936147,0.03618848,-0.207896,-0.1906689,-0.6448758,-0.09589791,0.733883
14.28295,-0.03955121,0.03614521,-0.2086537,-0.1902139,-0.6465717,-0.09532724,0.7325821
14.29388,-0.03970423,0.03614712,-0.2092867,-0.1900595,-0.648186,-0.09525369,0.7312038
14.30678,-0.03987005,0.03625677,-0.2098823,-0.1903617,-0.6493675,-0.09506448,0.7301008
14.3172,-0.04007503,0.03623723,-0.2103361,-0.1909356,-0.6504548,-0.09531987,0.7289488
14.32746,-0.04019507,0.03632346,-0.2108073,-0.1912807,-0.6513948,-0.09515312,0.72804
14.33937,-0.04027041,0.03636139,-0.211273,-0.1915718,-0.65214,-0.09518036,0.7272925
14.35017,-0.04027787,0.03640042,-0.2117316,-0.19214,-0.6527209,-0.09552069,0.7265765
14.3619,-0.04016247,0.03657724,-0.2123676,-0.1931104,-0.6531988,-0.09553588,0.7258874
14.37401,-0.04001608,0.03676531,-0.2130166,-0.194329,-0.6536407,-0.09537908,0.7251848
14.38315,-0.03988823,0.03691877,-0.2135689,-0.1953036,-0.6541174,-0.09529852,0.7245035
14.39379,-0.03975429,0.03692947,-0.2140333,-0.1960339,-0.6545481,-0.09537259,0.7239072
14.4053,-0.03958019,0.0370027,-0.2144814,-0.1967555,-0.6550322,-0.09517142,0.7232998
14.41587,-0.03930817,0.03708612,-0.2149458,-0.1978964,-0.6554289,-0.0948902,0.7226658
14.42644,-0.0390108,0.03725211,-0.2153667,-0.199315,-0.6559086,-0.09461772,0.721876
14.43931,-0.03842911,0.03747674,-0.2159715,-0.200842,-0.6562614,-0.09500882,0.7210803
14.44912,-0.03792824,0.03769165,-0.2165287,-0.2023241,-0.6565481,-0.09541984,0.7203503
14.46039,-0.03735048,0.03780768,-0.2170857,-0.2039399,-0.6567832,-0.09595522,0.7196089
14.47276,-0.03688914,0.03787366,-0.2174678,-0.2052561,-0.6570618,-0.09610827,0.7189597
14.48293,-0.03643778,0.03798633,-0.217897,-0.2065124,-0.6573187,-0.09638836,0.7183273
14.49358,-0.03593729,0.03811799,-0.2182667,-0.2076781,-0.6575895,-0.09686977,0.7176784
14.50651,-0.03536041,0.03827994,-0.2186984,-0.2089606,-0.6576581,-0.09716143,0.7172036
14.517,-0.03470259,0.03841427,-0.2191507,-0.2104522,-0.6578334,-0.09743013,0.71657
14.52799,-0.03398807,0.03859799,-0.2195888,-0.2118773,-0.6578333,-0.09775214,0.7161061
14.53826,-0.03328143,0.03879141,-0.2200225,-0.2135834,-0.6577259,-0.09809689,0.7156506
14.54879,-0.03260279,0.03897889,-0.2203685,-0.2152533,-0.6575072,-0.0986054,0.7152813
14.56057,-0.03189281,0.0391635,-0.2206025,-0.2167224,-0.6573929,-0.09957322,0.7148085
14.5707,-0.03115931,0.03935364,-0.2208858,-0.2184386,-0.6571598,-0.1002077,0.7144117
14.58228,-0.03042725,0.03956475,-0.2211563,-0.2202239,-0.6568939,-0.1009156,0.7140083
14.59492,-0.02965397,0.03983585,-0.2214836,-0.2220125,-0.6567342,-0.1016262,0.7135004
14.60548,-0.02884309,0.04003774,-0.2218365,-0.2239865,-0.6565164,-0.1028264,0.7129117
14.61544,-0.02798426,0.04031874,-0.2222378,-0.2258922,-0.6561906,-0.1038987,0.7124547
14.62798,-0.02711819,0.04063863,-0.2224939,-0.2282347,-0.6559983,-0.1049143,0.711736
14.63781,-0.02621055,0.04090123,-0.2227909,-0.2304962,-0.6555052,-0.1061422,0.7112793
14.64819,-0.02524789,0.04120592,-0.223015,-0.2327064,-0.655166,-0.1074271,0.7106791
14.66032,-0.02426654,0.04154672,-0.2231738,-0.2351114,-0.6547178,-0.1087951,0.7100922
14.67183,-0.02319013,0.04189168,-0.2234327,-0.2376956,-0.6540073,-0.1103819,0.7096416
14.68286,-0.02199657,0.04241097,-0.2237458,-0.2404544,-0.6530593,-0.1119987,0.7093318
14.69284,-0.02072562,0.0429504,-0.2239304,-0.244238,-0.652126,-0.1139707,0.7085832
14.70561,-0.01918285,0.04371786,-0.2242336,-0.2489088,-0.6504822,-0.1164209,0.7080704
14.7164,-0.01747416,0.04474346,-0.2245572,-0.254094,-0.6483678,-0.1191464,0.7077144
14.7278,-0.01561009,0.04582248,-0.2248482,-0.2612499,-0.6456118,-0.1225946,0.7070392
14.73895,-0.01360361,0.04692005,-0.2251649,-0.2688456,-0.6425181,-0.1268794,0.7062536
14.74929,-0.01153637,0.04811548,-0.2255886,-0.2763467,-0.6393241,-0.1308618,0.7055299
14.76091,-0.009458524,0.04898135,-0.2260168,-0.2837657,-0.6363137,-0.1356203,0.7044069
14.773,-0.007332746,0.04969192,-0.2265349,-0.2907255,-0.6333849,-0.1400854,0.7033338
14.7839,-0.005079424,0.0505815,-0.2270442,-0.2971749,-0.6305239,-0.144044,0.7024088
14.7939,-0.002786348,0.05127854,-0.2274426,-0.3038229,-0.6275762,-0.1483915,0.7012987
14.80385,-0.0004929192,0.05208667,-0.2278615,-0.3103067,-0.6246785,-0.1522973,0.7002087
14.81573,0.00172478,0.05275906,-0.2282926,-0.316231,-0.6217967,-0.1560433,0.6992977
14.82645,0.003852496,0.05316884,-0.2286236,-0.3215254,-0.619145,-0.1598769,0.6983697
14.83798,0.00580821,0.05352375,-0.22897,-0.3253788,-0.6168593,-0.162797,0.697933
14.85007,0.007621072,0.05386552,-0.2292923,-0.3287221,-0.6144379,-0.1654649,0.6978748
14.86095,0.009401164,0.05408308,-0.2296065,-0.3324285,-0.6118109,-0.1680894,0.6977999
14.87205,0.01116685,0.05453643,-0.2297832,-0.3358393,-0.6096037,-0.1700997,0.6976113
14.88365,0.01287779,0.05476001,-0.2300682,-0.3398152,-0.6071425,-0.1720456,0.697355
14.89428,0.01452044,0.0551217,-0.2304313,-0.342728,-0.6051636,-0.173459,0.6972995
14.90505,0.01596483,0.05527245,-0.2307396,-0.3456295,-0.6032164,-0.17545,0.6970564
14.91595,0.01722503,0.05554231,-0.231025,-0.3478351,-0.6019158,-0.177115,0.6966624
14.92779,0.01839812,0.05564822,-0.231411,-0.3502414,-0.6003476,-0.1789265,0.6963469
14.93847,0.01968452,0.05596572,-0.2318288,-0.3522326,-0.5987914,-0.1805739,0.6962573
14.94884,0.0208918,0.05611368,-0.232133,-0.354624,-0.5971679,-0.1823505,0.6959745
14.96115,0.02209353,0.05638743,-0.2323643,-0.3563764,-0.596191,-0.1835116,0.6956118
14.9723,0.02310676,0.05637502,-0.232611,-0.3584746,-0.5949705,-0.1854876,0.6950543
14.98324,0.02414282,0.05652302,-0.2328829,-0.3601018,-0.593991,-0.1868194,0.6946942
14.9947,0.02496074,0.05663242,-0.2330783,-0.3617035,-0.5931512,-0.1877989,0.6943154
15.00509,0.02577901,0.05668078,-0.2334023,-0.362781,-0.5921465,-0.1883826,0.6944527
15.01505,0.02650595,0.05665562,-0.2336489,-0.3635415,-0.5911396,-0.1891615,0.694701
15.02733,0.02725933,0.05674623,-0.2337274,-0.3642703,-0.5905637,-0.1892302,0.6947904
15.03868,0.02800051,0.05680085,-0.2339024,-0.3652052,-0.5897211,-0.1895188,0.6949366
15.04872,0.02874909,0.05689397,-0.2340606,-0.3661733,-0.5890864,-0.190316,0.6947476
15.06072,0.02953452,0.05701488,-0.2342984,-0.3674136,-0.5882128,-0.1914812,0.6945128
15.072,0.03027247,0.05720817,-0.234479,-0.3686797,-0.5873079,-0.192767,0.6942519
15.08208,0.03093282,0.05731344,-0.2346605,-0.3700565,-0.5862579,-0.194171,0.6940156
15.09397,0.03149237,0.05732241,-0.2348395,-0.3715102,-0.5851933,-0.1955402,0.6937528
15.10452,0.0320612,0.05730328,-0.2349442,-0.3724023,-0.5843935,-0.1961443,0.6937783
15.11611,0.03250831,0.05714055,-0.2349387,-0.3723398,-0.5837761,-0.196167,0.6943249
15.12784,0.03277439,0.05692142,-0.2349249,-0.3721934,-0.5829702,-0.1956751,0.6952188
15.13901,0.03286983,0.05676203,-0.2348253,-0.3715213,-0.582304,-0.1943961,0.6964942
15.14942,0.03274442,0.05660658,-0.2346735,-0.3703301,-0.5817223,-0.1931621,0.6979564
15.16121,0.03239473,0.05648865,-0.2344874,-0.3689581,-0.5812526,-0.1921766,0.6993451
15.17191,0.0327236,0.05643267,-0.2345387,-0.3670406,-0.5810465,-0.1912977,0.7007648
15.18374,0.03225592,0.05628559,-0.2342595,-0.3648376,-0.5812454,-0.1903826,0.7019985
15.19435,0.03086982,0.05610291,-0.2336474,-0.3622344,-0.5818893,-0.1891412,0.7031477
15.20452,0.03010688,0.05578585,-0.2333131,-0.3594877,-0.5825726,-0.1873717,0.7044641
15.21689,0.02917392,0.05545684,-0.2329749,-0.3547791,-0.5842289,-0.1848168,0.7061524
15.22775,0.02792875,0.05488149,-0.2324456,-0.3502453,-0.5860333,-0.182649,0.7074833
15.23851,0.02642317,0.05427834,-0.2320194,-0.3438038,-0.5880474,-0.179504,0.7097729
15.24987,0.02465141,0.05354238,-0.2312909,-0.3364359,-0.5904669,-0.1758732,0.7121997
15.26009,0.02270954,0.05269701,-0.2304417,-0.3282792,-0.5927143,-0.1721437,0.7150449
15.27252,0.0206393,0.05175462,-0.2294532,-0.3192459,-0.594612,-0.1674498,0.7186648
15.28187,0.01851885,0.05065628,-0.2284414,-0.3106581,-0.5961082,-0.1629151,0.7222224
15.2939,0.01631301,0.04967757,-0.2273648,-0.3013535,-0.5978617,-0.1568147,0.7260555
15.30443,0.01402825,0.04859146,-0.2263109,-0.2932261,-0.5996763,-0.1517007,0.7289676
15.31536,0.011759,0.04772974,-0.2254196,-0.2846966,-0.602103,-0.1464431,0.7314194
15.32711,0.009302525,0.04663902,-0.22466,-0.276145,-0.6045039,-0.1419367,0.7336028
15.33876,0.006874906,0.04569692,-0.223736,-0.2676177,-0.6076444,-0.1378149,0.7349531
15.35045,0.004504509,0.04469765,-0.222839,-0.2592168,-0.6103776,-0.1340838,0.7363881
15.36013,0.002205784,0.0437923,-0.2218569,-0.2506081,-0.6131538,-0.129461,0.7378874
15.37153,-0.0001347298,0.04282298,-0.2210746,-0.2416958,-0.615164,-0.1252057,0.7399189
15.38301,-0.002553169,0.04173547,-0.2199815,-0.2336472,-0.6175314,-0.1214504,0.7411572
15.39338,-0.005087211,0.04082314,-0.2191381,-0.2249372,-0.6195064,-0.1175619,0.7428286
15.40356,-0.007626344,0.03976048,-0.2181424,-0.2161394,-0.6218042,-0.1137454,0.7441137
15.41551,-0.01025605,0.0385843,-0.2171393,-0.207712,-0.624157,-0.1091702,0.7452287
15.42737,-0.01277808,0.03731415,-0.2162463,-0.1992645,-0.626256,-0.1046525,0.7464215
15.43696,-0.01524085,0.03610673,-0.2152903,-0.1904036,-0.6283062,-0.1002753,0.7476113
15.44881,-0.01772252,0.03476072,-0.2142991,-0.181072,-0.62991,-0.09669584,0.7490502
15.46036,-0.02018052,0.03355076,-0.2131829,-0.1717719,-0.6315341,-0.09250689,0.750401
15.4715,-0.02268448,0.03208469,-0.2120784,-0.1618269,-0.6328301,-0.08887037,0.7519576
15.48381,-0.02511029,0.03039118,-0.2110132,-0.1521749,-0.6339511,-0.08391228,0.7535964
15.49222,-0.02755353,0.02865125,-0.2099659,-0.141637,-0.6350002,-0.07870605,0.7553272
15.50544,-0.02998506,0.02657214,-0.2089602,-0.1311095,-0.635866,-0.07328963,0.7570425
15.51582,-0.03250542,0.02462622,-0.2077731,-0.1208296,-0.6373615,-0.06779202,0.7580071
15.5252,-0.03496135,0.02292073,-0.2068101,-0.1107655,-0.6386717,-0.06203214,0.7589345
15.53759,-0.0373774,0.02119268,-0.2058216,-0.101064,-0.6402469,-0.0568385,0.7593678
15.54881,-0.03975592,0.01950699,-0.204944,-0.09142059,-0.6413807,-0.05211882,0.7599716
15.55851,-0.04201068,0.01779297,-0.2040602,-0.08175248,-0.642313,-0.04749831,0.7605883
15.5694,-0.04425741,0.01588361,-0.2031591,-0.07224663,-0.6430796,-0.04310631,0.7611642
15.58214,-0.04659439,0.01406891,-0.2023526,-0.06310499,-0.643823,-0.03799851,0.7616206
15.59135,-0.04898553,0.01218996,-0.2014404,-0.05406197,-0.6448218,-0.0329138,0.7617078
15.60221,-0.05125798,0.01018322,-0.2008103,-0.04551525,-0.6455902,-0.02828895,0.7618015
15.61453,-0.05351798,0.008457158,-0.2001488,-0.03758679,-0.6467693,-0.02335219,0.7614009
15.62422,-0.05577766,0.006684106,-0.1993643,-0.02950221,-0.6481177,-0.01884458,0.7607352
15.63567,-0.05783045,0.005106255,-0.198955,-0.02157002,-0.6487437,-0.01397311,0.7605729
15.64833,-0.05976531,0.003282815,-0.1982894,-0.01362824,-0.6494687,-0.009998777,0.7602004
15.6579,-0.06174833,0.001660768,-0.1975917,-0.00522107,-0.649847,-0.005978592,0.7600237
15.6718,-0.06374279,0.0001907162,-0.1969785,0.0009556669,-0.6499781,-0.002368184,0.7599487
15.68147,-0.06584388,-0.000961408,-0.1963435,0.007029554,-0.6501381,0.001229932,0.7597826
15.69174,-0.06776001,-0.00215067,-0.1957099,0.01199039,-0.6504965,0.003817692,0.7594049
15.7021,-0.06972693,-0.003161334,-0.1952398,0.01743961,-0.6502536,0.006347647,0.7594905
15.7141,-0.07143035,-0.004219204,-0.1946424,0.02225134,-0.6503062,0.007878819,0.7593054
15.72428,-0.07301129,-0.005329158,-0.1942039,0.02735569,-0.6499,0.009390029,0.7594693
15.73494,-0.07449573,-0.006378081,-0.1937517,0.03222495,-0.6494305,0.01117748,0.7596557
15.74785,-0.07604625,-0.007437706,-0.1931783,0.03591453,-0.6491914,0.01331278,0.7596602
15.75691,-0.07755595,-0.008420888,-0.1926323,0.03984609,-0.6490384,0.01576261,0.7595479
15.76832,-0.07901186,-0.009355027,-0.192276,0.0432474,-0.6487143,0.01820085,0.7595842
15.78031,-0.08039197,-0.01026504,-0.1919077,0.04674832,-0.6485554,0.01997929,0.7594678
15.79066,-0.08155521,-0.01121813,-0.1914964,0.05005093,-0.6485865,0.02169588,0.7591836
15.80177,-0.08248737,-0.01203538,-0.1912535,0.05343874,-0.6483091,0.02384151,0.7591254
15.81401,-0.08332428,-0.01289716,-0.1910057,0.0565511,-0.6481174,0.0258001,0.7589995
15.82597,-0.08439489,-0.01367155,-0.1907621,0.05995223,-0.6475325,0.02749846,0.759178
15.83539,-0.08554894,-0.014457,-0.1903684,0.06315038,-0.6472176,0.02887085,0.7591363
15.84896,-0.08670264,-0.01505325,-0.1901374,0.06552684,-0.6470298,0.03042448,0.7590343
15.85725,-0.08780033,-0.01569544,-0.1899946,0.06798487,-0.6469693,0.03246993,0.7587849
15.86836,-0.08866514,-0.01654683,-0.1899853,0.0704401,-0.6472691,0.03445373,0.7582176
15.88063,-0.08935911,-0.01742057,-0.1899164,0.07386625,-0.6477835,0.03595448,0.7573822
15.89094,-0.09008683,-0.01821131,-0.1899507,0.07728617,-0.6479993,0.03810451,0.7567509
15.90182,-0.09081753,-0.01922867,-0.189953,0.08092979,-0.6480082,0.04007401,0.7562605
15.91473,-0.09181586,-0.02020242,-0.189879,0.08550274,-0.6477169,0.04288926,0.7558523
15.92442,-0.09267804,-0.02144874,-0.1897063,0.09000892,-0.6475165,0.04520997,0.7553654
15.93511,-0.09361181,-0.02260944,-0.1895903,0.09498116,-0.6469905,0.04819669,0.7550225
15.94755,-0.09440931,-0.02385479,-0.189635,0.1000239,-0.6460795,0.05166544,0.754922
15.95845,-0.09500916,-0.0251686,-0.1895642,0.1049639,-0.6453699,0.05444159,0.7546632
15.96843,-0.09572057,-0.02638515,-0.1894715,0.1098354,-0.6448542,0.05744471,0.7541878
15.98171,-0.09661225,-0.02744788,-0.1893735,0.1142589,-0.6443688,0.06103325,0.7536635
15.9913,-0.09761069,-0.02865603,-0.1892301,0.1187155,-0.6438006,0.06379702,0.7532313
16.00184,-0.09872088,-0.0297938,-0.1890906,0.1238982,-0.6427676,0.06621765,0.7530698
16.01455,-0.09982348,-0.03098476,-0.1889727,0.1287049,-0.6415949,0.06801785,0.7531034
16.0266,-0.100945,-0.03209113,-0.1887341,0.1331504,-0.6408721,0.07044964,0.7527222
16.0359,-0.1018849,-0.03339029,-0.1886249,0.1376125,-0.6400462,0.07261697,0.7524164
16.04888,-0.1027256,-0.03465797,-0.1886371,0.1417439,-0.6394269,0.07518719,0.7519234
16.05976,-0.1036346,-0.03594505,-0.1885204,0.1457107,-0.6390036,0.07749377,0.7512906
16.06928,-0.1047842,-0.03702786,-0.1884789,0.1490923,-0.6384121,0.08033299,0.7508316
16.08188,-0.1059444,-0.03798669,-0.1882088,0.152547,-0.6380367,0.08265168,0.7502049
16.09163,-0.1071376,-0.03889917,-0.1879936,0.1558729,-0.6375408,0.08487274,0.7496946
16.10279,-0.1083014,-0.03980993,-0.1877254,0.158674,-0.6373404,0.0863986,0.7491028
16.1138,-0.1093512,-0.04071305,-0.1875853,0.1616697,-0.6370106,0.08768829,0.7485928
16.12671,-0.1103364,-0.04157748,-0.1874862,0.1647713,-0.6366322,0.08892314,0.7480927
16.138,-0.1113626,-0.04248634,-0.1872464,0.1676679,-0.6365623,0.09038288,0.7473332
16.1475,-0.1124385,-0.04332336,-0.1869371,0.1702558,-0.6363339,0.0919195,0.7467549
16.15996,-0.1136,-0.04415046,-0.1866565,0.1727147,-0.6357775,0.09292687,0.7465395
16.17062,-0.1147692,-0.04486759,-0.1863684,0.1753938,-0.6350625,0.09400868,0.746388
16.18188,-0.1160196,-0.04564355,-0.185879,0.1781606,-0.6346908,0.09517845,0.7459005
16.19338,-0.117099,-0.04653389,-0.185648,0.1803094,-0.6340503,0.09641726,0.7457697
16.20417,-0.118262,-0.04736741,-0.1852911,0.18296,-0.6335579,0.09792552,0.7453461
16.2139,-0.119327,-0.04825016,-0.1849627,0.186239,-0.6328038,0.09921663,0.7450037
16.22791,-0.120296,-0.04921714,-0.184694,0.1896388,-0.6318372,0.1008198,0.7447512
16.23693,-0.1211901,-0.0502427,-0.1842831,0.1923808,-0.6311274,0.1017371,0.744525
16.24715,-0.1223877,-0.05094139,-0.1837038,0.1962014,-0.6301339,0.1035316,0.744122
16.25955,-0.1234856,-0.05177191,-0.1831166,0.1985233,-0.6291507,0.1047468,0.744168
16.27136,-0.1247141,-0.05244211,-0.1826035,0.2009011,-0.6279787,0.1062443,0.7443075
16.28075,-0.1258699,-0.05314482,-0.1821761,0.2026485,-0.6270595,0.1074044,0.7444423
16.29305,-0.1270663,-0.05381093,-0.1817395,0.2046965,-0.6262519,0.1083162,0.7444296
16.30531,-0.1280207,-0.05457212,-0.1812342,0.2066117,-0.625798,0.1089786,0.7441856
16.3162,-0.1290462,-0.05517025,-0.1808055,0.2087205,-0.6252068,0.1101855,0.7439163
16.32692,-0.1299827,-0.0557843,-0.1804553,0.2106472,-0.6246998,0.1112471,0.7436411
16.33754,-0.1309583,-0.05632043,-0.1799246,0.2126968,-0.624604,0.1120341,0.7430198
16.34954,-0.1318843,-0.0567443,-0.1796487,0.2141039,-0.6242455,0.1126641,0.7428215
16.35934,-0.1328685,-0.05716072,-0.1792095,0.2155248,-0.6241454,0.1133391,0.742392
16.36988,-0.1338175,-0.05756123,-0.1788092,0.2167972,-0.6237339,0.1137821,0.7422996
16.38272,-0.1347227,-0.05783806,-0.1783547,0.2176402,-0.6234935,0.1138894,0.7422385
16.39358,-0.1355257,-0.05801518,-0.1779473,0.2183495,-0.6233505,0.1141286,0.7421135
16.40472,-0.1362882,-0.05821748,-0.1775999,0.218726,-0.6232682,0.114308,0.7420441
16.41459,-0.1369334,-0.0584171,-0.1772938,0.2191805,-0.6232385,0.1143253,0.7419322
16.42622,-0.1375625,-0.05859258,-0.1770073,0.2198437,-0.6232199,0.1146412,0.7417029
16.43858,-0.1381894,-0.05883869,-0.1767216,0.2206671,-0.6231559,0.1148782,0.7414754
16.44769,-0.1387368,-0.05906796,-0.176434,0.2213069,-0.6231813,0.1151309,0.7412242
16.45928,-0.1392915,-0.05919074,-0.176136,0.2221192,-0.623226,0.1155465,0.7408789
16.47194,-0.1396928,-0.05924388,-0.1759115,0.2223137,-0.6233776,0.1158012,0.7406532
16.48176,-0.1401302,-0.05924478,-0.1756015,0.2226506,-0.6235359,0.1160768,0.7403755
16.49416,-0.1405594,-0.05918344,-0.175388,0.2223952,-0.6235812,0.1162533,0.7403865
16.50542,-0.1408839,-0.05914235,-0.1751395,0.2222407,-0.623765,0.1160311,0.7403129
16.51574,-0.141262,-0.05912128,-0.1748658,0.2223316,-0.6238341,0.1158509,0.7402556
16.52766,-0.141574,-0.0591674,-0.1746448,0.2223771,-0.6239789,0.1154518,0.7401822
16.53856,-0.1418089,-0.05921057,-0.1744718,0.2222242,-0.6241598,0.1154435,0.7400769
16.54817,-0.1419838,-0.05914677,-0.1743292,0.2223437,-0.6242449,0.1155448,0.7399534
16.56003,-0.1420659,-0.05915279,-0.1742122,0.2225424,-0.6242821,0.1153217,0.7398971
16.57109,-0.1421706,-0.0590795,-0.1740884,0.2226694,-0.6243482,0.1152324,0.739817
16.5829,-0.142267,-0.05899745,-0.1739794,0.2224959,-0.6246312,0.1151775,0.7396389
16.59518,-0.1426951,-0.05900078,-0.1737757,0.2224185,-0.6246423,0.1149518,0.7396879
16.6047,-0.1428941,-0.05896708,-0.1736628,0.2224379,-0.6247822,0.1148206,0.7395843
16.61607,-0.1430683,-0.05894417,-0.173585,0.2222148,-0.6248875,0.1146934,0.7395822
16.62739,-0.1430481,-0.05890818,-0.1735374,0.2220749,-0.6251473,0.1146034,0.7394185
16.63793,-0.1430005,-0.0588671,-0.1735245,0.222038,-0.6252092,0.1145773,0.7393814
16.64979,-0.1429186,-0.05884748,-0.1735498,0.2220551,-0.6254112,0.1146787,0.7391896
16.66063,-0.1428188,-0.05882612,-0.1735838,0.221901,-0.625752,0.1147569,0.7389353
16.67073,-0.1428205,-0.05882205,-0.1735937,0.2216106,-0.6259337,0.1144993,0.7389085
16.68326,-0.1428756,-0.0588222,-0.1735823,0.2214826,-0.6261035,0.1140334,0.738875
16.69293,-0.1428694,-0.05879515,-0.1735947,0.221307,-0.6262617,0.1135209,0.7388725
16.70411,-0.1427337,-0.05870688,-0.1736728,0.2209836,-0.626459,0.1132316,0.7388464
16.71665,-0.1425014,-0.05859933,-0.1738032,0.2205587,-0.626663,0.1129226,0.7388477
16.72708,-0.1422493,-0.05850687,-0.1739392,0.220283,-0.6267989,0.1128399,0.7388273
16.73778,-0.1417158,-0.05839711,-0.1742679,0.2199363,-0.6267829,0.1128124,0.7389484
16.75014,-0.1415662,-0.05832313,-0.174372,0.2196125,-0.6268585,0.1126971,0.7389981
16.76076,-0.1414595,-0.0582065,-0.1745002,0.2193588,-0.6268657,0.1124866,0.7390993
16.77196,-0.1413554,-0.05813273,-0.1746352,0.2189326,-0.6269397,0.1122915,0.7391927
16.78297,-0.1411114,-0.05804751,-0.1748033,0.2184113,-0.6270966,0.1120446,0.7392513
16.79413,-0.1407769,-0.05790198,-0.1750383,0.2179565,-0.6271853,0.1117988,0.7393474
16.80518,-0.140357,-0.05776288,-0.1752813,0.2172812,-0.6274984,0.1114102,0.7393392
16.81566,-0.1399897,-0.05753231,-0.1755468,0.2167272,-0.6276106,0.1111481,0.7394461
16.82648,-0.1396282,-0.05733552,-0.1757896,0.2159031,-0.6279022,0.1107546,0.7394986
16.83889,-0.1393921,-0.05715742,-0.1759589,0.2150725,-0.6282452,0.1104266,0.7394984
16.8489,-0.1390649,-0.0569871,-0.1761779,0.2145021,-0.6283403,0.1100215,0.7396435
16.85918,-0.1386888,-0.05680526,-0.1763742,0.2138411,-0.628527,0.1096631,0.7397295
16.8713,-0.1382316,-0.05658239,-0.1766119,0.2131089,-0.6285474,0.1094722,0.7399517
16.88194,-0.1377354,-0.05636414,-0.1768315,0.2122921,-0.6286507,0.1090647,0.740159
16.89303,-0.1372728,-0.05610586,-0.1771082,0.2113887,-0.6286604,0.1087778,0.7404515
16.90551,-0.1368313,-0.05586278,-0.1772992,0.210636,-0.6288196,0.1082329,0.7406106
16.91684,-0.1365383,-0.05566963,-0.1774519,0.2096667,-0.6291221,0.107585,0.7407232
16.92713,-0.1362541,-0.05547221,-0.177641,0.2088647,-0.6293233,0.1072809,0.7408229
16.93833,-0.1359044,-0.05526059,-0.1778245,0.2081488,-0.6295927,0.107088,0.7408235
16.94868,-0.1354119,-0.05507585,-0.1780359,0.2074813,-0.6297955,0.1067218,0.7408911
16.96121,-0.1349619,-0.05482816,-0.1782499,0.2067934,-0.629898,0.1065477,0.7410213
16.97072,-0.1344866,-0.05462563,-0.178397,0.2060559,-0.6301526,0.1061128,0.7410728
16.98234,-0.1340833,-0.05437462,-0.1785571,0.2052656,-0.6303642,0.1056358,0.7411802
16.99462,-0.133776,-0.05418566,-0.1786814,0.204447,-0.6305934,0.1051236,0.7412843
17.005,-0.1334931,-0.05404857,-0.1787691,0.2039562,-0.6308539,0.1046893,0.7412594
17.01522,-0.1331954,-0.05386734,-0.1788867,0.2034437,-0.6310639,0.1045366,0.7412429
17.02824,-0.1327877,-0.0537192,-0.1790223,0.2027715,-0.6313213,0.1043326,0.7412368
17.03841,-0.1323889,-0.05356173,-0.1791338,0.2021356,-0.6316082,0.1040888,0.7412003
17.04969,-0.1320282,-0.05332028,-0.1792987,0.2017637,-0.6316131,0.1036903,0.7413532
17.05957,-0.1316583,-0.05312581,-0.1793991,0.2011842,-0.6318238,0.1031555,0.7414058
17.07052,-0.1314121,-0.05289781,-0.1794399,0.2004268,-0.6320779,0.1028252,0.7414402
17.08252,-0.131224,-0.05263327,-0.1794002,0.1998142,-0.6322893,0.1025318,0.741466
17.09249,-0.1309869,-0.05239509,-0.1793614,0.1989966,-0.6324492,0.1020244,0.7416195
17.10413,-0.1306717,-0.05212427,-0.1794039,0.1981971,-0.6324406,0.1014458,0.7419202
17.11646,-0.1302949,-0.05182898,-0.1794304,0.197155,-0.6327032,0.1009817,0.7420372
17.12686,-0.129871,-0.05148506,-0.1795098,0.1960106,-0.6328905,0.1005712,0.7422364
17.13793,-0.129428,-0.05106018,-0.1795666,0.1947448,-0.6332108,0.1000013,0.7423735
17.14963,-0.1290492,-0.05052232,-0.1795497,0.1930541,-0.6336888,0.09927817,0.7425042
17.15971,-0.1287773,-0.04989817,-0.1795116,0.1908777,-0.6342847,0.09846919,0.7426658
17.17011,-0.1285249,-0.04917061,-0.1794457,0.1882722,-0.6350017,0.09727329,0.7428758
17.18279,-0.1281798,-0.04841771,-0.1795053,0.1855518,-0.6355112,0.09514847,0.7433996
17.1925,-0.1277576,-0.04760357,-0.1795779,0.1831264,-0.6359949,0.09343911,0.743804
17.20463,-0.1271845,-0.04693475,-0.1796139,0.1800556,-0.6367846,0.0919878,0.7440589
17.21438,-0.1266974,-0.04614008,-0.1797852,0.1770599,-0.6372906,0.09135322,0.7444227
17.22639,-0.1261815,-0.04551781,-0.1798261,0.1743046,-0.6379197,0.09000774,0.7446979
17.23816,-0.1257859,-0.04477632,-0.1799245,0.1719267,-0.6382899,0.08880419,0.745078
17.2479,-0.1254637,-0.04397789,-0.1799033,0.1699644,-0.6388363,0.08775798,0.7451838
17.26015,-0.1250127,-0.04326564,-0.1799556,0.1676272,-0.6394181,0.08657198,0.7453529
17.2702,-0.1244286,-0.04249851,-0.1801271,0.1645004,-0.640146,0.08574592,0.7455202
17.28326,-0.1239078,-0.0415816,-0.1802851,0.1614358,-0.6406308,0.08448832,0.7459171
17.29348,-0.1233193,-0.04074511,-0.1804182,0.1582481,-0.6412144,0.08259245,0.7463111
17.30482,-0.1228431,-0.0397375,-0.1805284,0.1547168,-0.6421175,0.08127811,0.7464193
17.31564,-0.122412,-0.03881051,-0.1808299,0.1512095,-0.6425624,0.07972004,0.746923
17.32677,-0.1219295,-0.03788852,-0.1808966,0.1476695,-0.643577,0.0780981,0.7469291
17.33808,-0.1214234,-0.03696209,-0.1810842,0.144204,-0.6445206,0.0764735,0.7469606
17.34867,-0.1207232,-0.03600668,-0.1813893,0.1406058,-0.6453396,0.07449551,0.7471394
17.35885,-0.1201086,-0.03479173,-0.1816185,0.137021,-0.6463832,0.07281736,0.7470688
17.37181,-0.119437,-0.03358151,-0.1818594,0.1322743,-0.6476867,0.0704669,0.7470207
17.38345,-0.1187962,-0.03223712,-0.1820914,0.1273867,-0.648756,0.06773607,0.7471949
17.39216,-0.1181857,-0.03089364,-0.1823091,0.1223537,-0.6497596,0.0648918,0.7474163
17.40523,-0.1176995,-0.02942702,-0.1823648,0.1170824,-0.6509829,0.06151905,0.7474814
17.4148,-0.1171141,-0.02799326,-0.1825061,0.1117882,-0.6521129,0.058402,0.747557
17.42539,-0.1162872,-0.02672448,-0.1828934,0.1061726,-0.6529428,0.05588423,0.7478436
17.43746,-0.115451,-0.02554346,-0.1832485,0.1010711,-0.6538264,0.05411024,0.747909
17.4478,-0.1145455,-0.02455172,-0.1836194,0.0971358,-0.6541776,0.05203803,0.7482702
17.46003,-0.113664,-0.0235701,-0.1838832,0.09314582,-0.6548608,0.0504337,0.7482898
17.46969,-0.1127634,-0.02274761,-0.1841981,0.08909021,-0.6553072,0.04890545,0.7484943
17.48058,-0.1120156,-0.02180784,-0.1845114,0.08534542,-0.6557971,0.04803351,0.748558
17.49371,-0.1112813,-0.02098362,-0.1848368,0.08216793,-0.65622,0.04686084,0.7486174
17.50323,-0.11045,-0.02014501,-0.1852126,0.07920409,-0.6564712,0.04505784,0.7488272
17.51413,-0.1095506,-0.01934787,-0.1855187,0.07625472,-0.656902,0.04338526,0.7488543
17.52661,-0.1086829,-0.01855884,-0.1859122,0.07310892,-0.6569923,0.04200261,0.7491676
17.53717,-0.1078559,-0.0178115,-0.1860653,0.07034653,-0.6573749,0.04045793,0.7491814
17.54713,-0.1069751,-0.01716511,-0.1862366,0.06743639,-0.6576378,0.03885703,0.749303
17.55971,-0.106291,-0.01640785,-0.1863738,0.06471977,-0.6578122,0.03771653,0.7494477
17.56918,-0.1055211,-0.01579474,-0.186634,0.06253782,-0.6576009,0.03615417,0.7498953
17.57999,-0.1047229,-0.0154269,-0.1867431,0.0607115,-0.6576899,0.03453366,0.7500437
17.59249,-0.1038421,-0.01510558,-0.1869083,0.05953417,-0.6576664,0.03362283,0.7502
17.60243,-0.1030011,-0.01483924,-0.1872229,0.05833403,-0.6572275,0.03316473,0.7506992
17.6132,-0.1021984,-0.01464671,-0.187405,0.05745448,-0.6570877,0.03286565,0.7509026
17.6266,-0.1015723,-0.01454728,-0.1875504,0.05745716,-0.6568813,0.03320168,0.7510682
17.63692,-0.1010773,-0.01461441,-0.1877627,0.05736841,-0.6566883,0.03319154,0.7512441
17.64718,-0.1006098,-0.01482014,-0.1879069,0.05798947,-0.6565335,0.03303259,0.7513387
17.65918,-0.1002123,-0.01513793,-0.1881199,0.05933756,-0.6562799,0.03364307,0.751428
17.66909,-0.09984647,-0.01561588,-0.1883035,0.06114313,-0.6562387,0.03452366,0.7512792
17.6796,-0.09957838,-0.01634836,-0.1885646,0.0640907,-0.6561167,0.0360329,0.7510692
17.69202,-0.09941507,-0.01725899,-0.1888599,0.06800312,-0.656127,0.0382595,0.7506058
17.70173,-0.09935673,-0.01828425,-0.189077,0.072215,-0.6562828,0.04028275,0.7499701
17.71231,-0.09944081,-0.01940357,-0.1893025,0.07683342,-0.656531,0.04276967,0.7491558
17.72441,-0.09969425,-0.0205964,-0.1895567,0.08203916,-0.6569489,0.04575953,0.74806
17.73461,-0.09992436,-0.02189693,-0.1898358,0.08625324,-0.6575887,0.04882168,0.7468294
17.74606,-0.1002195,-0.02307386,-0.1901081,0.09046797,-0.6586118,0.05229072,0.7451924
17.75843,-0.1005569,-0.02395448,-0.190617,0.09379853,-0.6596443,0.05549523,0.7436341
17.76813,-0.1009963,-0.02477285,-0.1909513,0.09741662,-0.6607341,0.05742045,0.7420536
17.77975,-0.1014453,-0.02536234,-0.1913213,0.1007029,-0.661578,0.05889448,0.7407462
17.79166,-0.101797,-0.02610733,-0.1917026,0.1028674,-0.6621958,0.06004116,0.7398041
17.8017,-0.1021558,-0.02681826,-0.1920837,0.1045114,-0.662658,0.06209504,0.7389898
17.81271,-0.1025481,-0.02742306,-0.1922984,0.1060191,-0.6629684,0.06377854,0.738353
17.82669,-0.1028208,-0.02770779,-0.1925766,0.1067875,-0.662486,0.06500056,0.7385687
17.83537,-0.10313,-0.02793699,-0.1927491,0.1075852,-0.6623837,0.06606336,0.7384504
17.84616,-0.1033862,-0.02799192,-0.1929661,0.1074388,-0.6618712,0.06674767,0.7388695
17.85875,-0.1037139,-0.02777347,-0.1930284,0.1058018,-0.6617396,0.06705248,0.7391961
17.87077,-0.104016,-0.0275922,-0.1931929,0.1045648,-0.6614651,0.06695152,0.7396266
17.87996,-0.1042759,-0.02747544,-0.1933902,0.1033894,-0.6612297,0.0665582,0.7400379
17.89236,-0.1044904,-0.0272848,-0.1935695,0.1021667,-0.6613475,0.06608479,0.7401448
17.90451,-0.1046357,-0.02709711,-0.1938164,0.1009208,-0.6615721,0.06584961,0.7401359
17.91296,-0.1047674,-0.02685142,-0.194067,0.09992445,-0.6618853,0.06537803,0.7400329
17.92563,-0.1048455,-0.02662073,-0.194335,0.09876674,-0.6624157,0.06486371,0.7397588
17.93574,-0.1049165,-0.02642403,-0.1946323,0.09773024,-0.6629068,0.0645352,0.7394854
17.94694,-0.104939,-0.02626451,-0.1949012,0.0968466,-0.6633744,0.06412901,0.7392176
17.96074,-0.1049663,-0.02604092,-0.1951172,0.09588568,-0.6638854,0.06399196,0.738896
17.96908,-0.1050775,-0.02572826,-0.195319,0.09487956,-0.664335,0.06382823,0.7386358
17.98013,-0.1051539,-0.0253658,-0.1954861,0.09353378,-0.6647295,0.06297746,0.7385256
17.99242,-0.1051949,-0.02487333,-0.1956199,0.09170646,-0.6649489,0.06200717,0.7386393
18.00278,-0.1052267,-0.0243913,-0.1957225,0.08954225,-0.6651971,0.06117841,0.7387505
18.01428,-0.1051679,-0.02383298,-0.1958345,0.08709295,-0.6654105,0.06035232,0.738919
18.02654,-0.1050803,-0.0233953,-0.1959448,0.08507365,-0.6654705,0.05958176,0.7391627
18.03586,-0.104904,-0.02295306,-0.1960559,0.08307393,-0.6654658,0.05874028,0.7394617
18.04766,-0.1047223,-0.02245712,-0.1961663,0.08110172,-0.6653536,0.05787141,0.73985
18.05805,-0.1046047,-0.02188974,-0.1961026,0.07885224,-0.6655268,0.05687624,0.7400145
18.07106,-0.1044894,-0.02112165,-0.1961825,0.07600319,-0.6652804,0.05525304,0.7406569
18.08044,-0.1043543,-0.02000969,-0.1962108,0.0723091,-0.6652129,0.05343752,0.7412205
18.09153,-0.1042118,-0.01874991,-0.1960835,0.06793449,-0.6651395,0.05065231,0.7418953
18.10418,-0.1040601,-0.01717112,-0.1960995,0.06167614,-0.664699,0.04706047,0.7430725
18.11558,-0.1038511,-0.01561823,-0.1959692,0.05601548,-0.6645203,0.04336996,0.7439046
18.12461,-0.10353,-0.0140833,-0.1959558,0.05029926,-0.6642593,0.03949975,0.7447613
18.13792,-0.1030045,-0.01255872,-0.1959228,0.04388082,-0.6642893,0.03508965,0.745361
18.14918,-0.1025375,-0.01103584,-0.1959511,0.03767912,-0.6642931,0.03129696,0.7458656
18.15828,-0.1020061,-0.00944452,-0.1959927,0.03132648,-0.6642381,0.02771707,0.7463499
18.17146,-0.101395,-0.007828508,-0.1961289,0.02475455,-0.6640187,0.02365861,0.7469316
18.18112,-0.1008729,-0.006198779,-0.1960463,0.01829731,-0.6643373,0.01997051,0.7469419
18.19159,-0.1001896,-0.004488651,-0.1963009,0.01217571,-0.6639233,0.01679817,0.7475129
18.2039,-0.09938873,-0.003271624,-0.1964146,0.006388803,-0.6640559,0.01334656,0.7475365
18.21397,-0.0985967,-0.001982078,-0.1966833,0.0007684084,-0.6641565,0.01040093,0.7475208
18.22514,-0.09780605,-0.0007200129,-0.1969756,-0.004094299,-0.6644965,0.007568121,0.7472419
18.23862,-0.09694497,0.0003645457,-0.1972404,-0.008849896,-0.6650882,0.004406832,0.7466995
18.24725,-0.09606181,0.001474362,-0.197436,-0.01358441,-0.6657878,0.00134237,0.7460163
18.25857,-0.09511481,0.002419487,-0.1978453,-0.01745156,-0.6660078,-0.001091903,0.7457399
18.27089,-0.09417198,0.003122356,-0.1979983,-0.02086553,-0.6668066,-0.003029289,0.7449325
18.28042,-0.09327257,0.003813438,-0.1981627,-0.02358981,-0.6673869,-0.004504868,0.7443239
18.29154,-0.09228392,0.00454266,-0.1985297,-0.02597794,-0.6674008,-0.005759895,0.7442232
18.30556,-0.09138647,0.005358223,-0.1986394,-0.0285656,-0.6673964,-0.006876769,0.7441229
18.31448,-0.09041319,0.0060714,-0.1988037,-0.03184013,-0.6672108,-0.008801083,0.7441361
18.32566,-0.08945552,0.006911691,-0.1989247,-0.03532864,-0.666646,-0.01073893,0.7444594
18.33821,-0.08844735,0.007794112,-0.1988868,-0.03812132,-0.6659458,-0.01284183,0.7449148
18.34825,-0.08739451,0.008555889,-0.1988232,-0.04133227,-0.6652954,-0.01508371,0.7452826
18.35823,-0.08625001,0.009414319,-0.1987731,-0.04461045,-0.6642044,-0.01751521,0.7460133
18.3703,-0.0850824,0.01028696,-0.1986412,-0.04812564,-0.6627847,-0.02016786,0.7469897
18.38037,-0.08391877,0.01125437,-0.1983607,-0.05153796,-0.661386,-0.02312731,0.7479155
18.39149,-0.08272868,0.0123601,-0.198111,-0.05519104,-0.6595597,-0.02621204,0.7491648
18.40436,-0.08152736,0.01342503,-0.1978526,-0.05863461,-0.6572973,-0.02994861,0.7507498
18.41516,-0.08031023,0.014282,-0.1975443,-0.06204818,-0.6549317,-0.03352339,0.7523899
18.42665,-0.0791083,0.01520203,-0.1971498,-0.0646815,-0.6526098,-0.03631555,0.7540544
18.43854,-0.0778555,0.01573778,-0.1966517,-0.06724613,-0.6501282,-0.0390854,0.755833
18.448,-0.07656955,0.01630356,-0.1963103,-0.07010457,-0.6472325,-0.04143969,0.7579302
18.45902,-0.07534815,0.01699461,-0.1957724,-0.07280494,-0.6443685,-0.0436909,0.7599868
18.47109,-0.07419448,0.0179329,-0.1950852,-0.07575457,-0.6411741,-0.04577319,0.7622741
18.48284,-0.07299034,0.01869246,-0.1944664,-0.07910483,-0.6372716,-0.04791791,0.7650694
18.49458,-0.07177132,0.0192455,-0.1936865,-0.08150937,-0.6333663,-0.04997873,0.7679229
18.50495,-0.07057252,0.01978379,-0.192869,-0.08364275,-0.6293883,-0.05133221,0.7708692
18.51627,-0.06941494,0.02013618,-0.1918646,-0.08501365,-0.6251112,-0.05269219,0.7741009
18.52752,-0.06830011,0.02053738,-0.1908704,-0.0856218,-0.620409,-0.05367546,0.7777407
18.53807,-0.0671377,0.02063242,-0.1898402,-0.08620083,-0.6152626,-0.05504784,0.7816592
18.54822,-0.06599767,0.02090949,-0.1885386,-0.08638259,-0.6104774,-0.05561342,0.7853423
18.56033,-0.06480343,0.02099817,-0.1872998,-0.08604033,-0.6044561,-0.05605689,0.7899922
18.57109,-0.06359322,0.02113935,-0.185872,-0.0865314,-0.5984985,-0.05665473,0.7944195
18.58211,-0.06233592,0.02144107,-0.1843894,-0.08784456,-0.592355,-0.05646709,0.7988807
18.59416,-0.06126898,0.02165434,-0.1830001,-0.08977714,-0.5858171,-0.05641118,0.8034775
18.60559,-0.06032046,0.02188146,-0.1816327,-0.0912828,-0.5791975,-0.05711879,0.8080441
18.61558,-0.05936982,0.02215619,-0.1802309,-0.09306468,-0.5730041,-0.05791477,0.8121892
18.62759,-0.05846981,0.02238391,-0.1789379,-0.09455373,-0.5667501,-0.0583855,0.8163609
18.638,-0.05753472,0.02244366,-0.1777344,-0.095574,-0.5604846,-0.05859601,0.820542
18.64956,-0.05665851,0.02239906,-0.1764878,-0.09541202,-0.5541828,-0.05902377,0.8247994
18.66011,-0.05581434,0.02230505,-0.1751523,-0.09527989,-0.5473828,-0.05964931,0.8292984
18.67147,-0.05495517,0.02253005,-0.1735664,-0.09462145,-0.5395042,-0.0609047,0.8344296
18.68321,-0.05418065,0.02280131,-0.1720436,-0.09509343,-0.5305395,-0.06132392,0.8400741
18.69324,-0.05337386,0.02291047,-0.170321,-0.09684879,-0.5217671,-0.060736,0.8453937
18.70514,-0.05265573,0.02305249,-0.1689161,-0.09957999,-0.5133687,-0.05838542,0.850369
18.71618,-0.05208588,0.02335682,-0.1681705,-0.1020869,-0.5055691,-0.05593723,0.8548973
18.72629,-0.05162391,0.02356473,-0.1675922,-0.1043306,-0.4984785,-0.05394256,0.858909
18.73886,-0.05128225,0.02368156,-0.1669977,-0.1059666,-0.4933561,-0.05241024,0.8617563
18.74918,-0.05105551,0.02381819,-0.1665045,-0.1074351,-0.4884984,-0.05097781,0.8644236
18.76012,-0.05105171,0.02400028,-0.166118,-0.1087638,-0.484305,-0.0497891,0.8666835
18.77204,-0.05108909,0.02424567,-0.1656619,-0.1100984,-0.4807049,-0.04915987,0.8685531
18.78298,-0.05111197,0.02448309,-0.1654156,-0.1115652,-0.4769711,-0.04876551,0.8704447
18.79286,-0.05109517,0.02477542,-0.1651487,-0.112903,-0.4743704,-0.04852529,0.8717058
18.80547,-0.05117206,0.02499539,-0.1650668,-0.1139925,-0.4726186,-0.0484536,0.8725191
18.81579,-0.05121482,0.02504948,-0.1648651,-0.1152899,-0.4711069,-0.04853545,0.8731614
18.82699,-0.05140819,0.02535743,-0.1648472,-0.1161221,-0.4691811,-0.0481846,0.874107
18.83918,-0.05175582,0.02569911,-0.1647624,-0.117289,-0.4672018,-0.04782603,0.8750306
18.84873,-0.05202962,0.02602104,-0.1644911,-0.1187302,-0.4652887,-0.04766089,0.8758642
18.85975,-0.05239685,0.02628043,-0.16452,-0.1206097,-0.4627228,-0.04744855,0.8769775
18.87205,-0.05256604,0.02650319,-0.164268,-0.1220174,-0.460538,-0.04752899,0.877928
18.88258,-0.05275966,0.0267625,-0.1639866,-0.1232154,-0.4580027,-0.04719388,0.8791043
18.89421,-0.05283856,0.02694157,-0.163471,-0.1243303,-0.4552007,-0.04738205,0.8803915
18.90594,-0.05298583,0.02721849,-0.1629926,-0.1256126,-0.451638,-0.0472702,0.8820488
18.9159,-0.05322998,0.0274402,-0.1624708,-0.1268951,-0.4476812,-0.04743196,0.8838719
18.9277,-0.05343913,0.02758688,-0.1618964,-0.1283307,-0.4432326,-0.0473065,0.8859109
18.93874,-0.05358539,0.02768389,-0.1612902,-0.1290377,-0.4388128,-0.04712651,0.8880156
18.9498,-0.05365594,0.0275503,-0.1606264,-0.1292644,-0.4339539,-0.04731894,0.8903571
18.95995,-0.05366001,0.02748102,-0.1597078,-0.1287963,-0.4289649,-0.04779829,0.8928135
18.97198,-0.0536134,0.02753733,-0.1586699,-0.1285063,-0.4230048,-0.04803266,0.8956819
18.98347,-0.0534253,0.02760273,-0.1572378,-0.1283074,-0.4160811,-0.0489325,0.898899
18.99469,-0.05325793,0.0277301,-0.1557512,-0.1276199,-0.4072279,-0.04998081,0.9029843
19.00508,-0.05289961,0.02768301,-0.1538815,-0.1273189,-0.3966624,-0.05087032,0.9076679
19.01702,-0.05236983,0.02754262,-0.1517653,-0.1266324,-0.3842913,-0.05152104,0.9130334
19.02753,-0.05151951,0.02723996,-0.1493496,-0.1256476,-0.369711,-0.05193194,0.9191461
19.038,-0.05057555,0.02709681,-0.1468502,-0.1242925,-0.3534984,-0.05120391,0.9257259
19.04991,-0.04928419,0.02680866,-0.1439923,-0.123158,-0.3344508,-0.04971159,0.9330078
19.06046,-0.04781884,0.0264438,-0.1410627,-0.1223235,-0.314681,-0.04883259,0.940015
19.07224,-0.04618383,0.02613258,-0.1381048,-0.121597,-0.2916531,-0.04718875,0.9475896
19.08262,-0.0443576,0.02575493,-0.134997,-0.1209841,-0.2690788,-0.04536737,0.9544115
19.09494,-0.04241361,0.02544859,-0.1320374,-0.1202273,-0.2445812,-0.0424172,0.9612108
19.10633,-0.04013037,0.02487773,-0.1291626,-0.1197099,-0.2200643,-0.0397006,0.9672979
19.1158,-0.03772186,0.02431325,-0.1264817,-0.1194448,-0.1951474,-0.03665347,0.9727831
19.12764,-0.03478578,0.02392749,-0.1239999,-0.119822,-0.1682886,-0.03226775,0.9778959
19.13932,-0.03174932,0.02380389,-0.1218241,-0.1204783,-0.1405387,-0.02714907,0.9823425
19.1503,-0.02862872,0.02359764,-0.1197316,-0.1208282,-0.1134492,-0.02222399,0.9859188
19.16175,-0.02547635,0.02332375,-0.1179701,-0.1211984,-0.08572266,-0.01710181,0.988772
19.17224,-0.02222113,0.02315493,-0.1162954,-0.1216225,-0.05864577,-0.01221942,0.9907671
19.18416,-0.01881519,0.02282969,-0.1149956,-0.1224376,-0.03173752,-0.007997304,0.9919364
19.194,-0.01536367,0.022686,-0.1139816,-0.1218468,-0.005442031,-0.003866455,0.9925265
19.20626,-0.01197131,0.02232189,-0.1131463,-0.1218119,0.02014644,6.946735E-06,0.9923487
19.21725,-0.008656139,0.02243783,-0.1124564,-0.1212847,0.04520839,0.003144886,0.9915828
19.22754,-0.005280246,0.02220265,-0.1120038,-0.1216921,0.0700074,0.005129189,0.9900827
19.23936,-0.002125144,0.02221475,-0.1116671,-0.1213867,0.09443957,0.006709879,0.9880797
19.2498,0.001055503,0.02211997,-0.1114991,-0.1206457,0.1187268,0.008016926,0.9855376
19.26181,0.004211683,0.02187732,-0.1115204,-0.1200574,0.1422512,0.008437629,0.9824865
19.27316,0.007324947,0.0217374,-0.1117897,-0.1195196,0.1652515,0.009374812,0.9789378
19.28411,0.01044518,0.0216261,-0.1122026,-0.1190704,0.1867319,0.01060619,0.9751108
19.2942,0.01323199,0.02152754,-0.1127167,-0.1182343,0.2080334,0.01197097,0.9708756
19.30641,0.0158429,0.02142331,-0.1132745,-0.1174241,0.2272608,0.01240328,0.966649
19.3175,0.01829893,0.02126763,-0.1139472,-0.1166661,0.245371,0.0123075,0.9623049
19.32724,0.02061966,0.02101357,-0.1146484,-0.1160709,0.2628014,0.0122034,0.9577652
19.33958,0.02255248,0.02078877,-0.1153956,-0.1153313,0.278442,0.01166152,0.9534321
19.34989,0.02450871,0.0206256,-0.1162998,-0.1145623,0.2933873,0.01101619,0.9490406
19.36028,0.02635131,0.02050425,-0.1172036,-0.1134882,0.3080958,0.01027057,0.9445062
19.37261,0.02809946,0.02013911,-0.1182186,-0.1127334,0.3214222,0.009665545,0.9401519
19.38338,0.02969748,0.01975544,-0.1193442,-0.1115674,0.3349349,0.009614883,0.9355634
19.39466,0.03117762,0.01933393,-0.1206059,-0.1103502,0.3478112,0.009041944,0.931004
19.40606,0.03248101,0.01879096,-0.1219891,-0.1091573,0.3604415,0.008486494,0.926334
19.41664,0.03377134,0.01831237,-0.1234625,-0.1071578,0.373324,0.008061307,0.9214562
19.4287,0.03508555,0.01758196,-0.1250713,-0.1051445,0.3862403,0.007733151,0.9163533
19.43899,0.03644002,0.01692021,-0.1268276,-0.1028164,0.3994021,0.007579374,0.9109607
19.45069,0.03773172,0.01622352,-0.1287292,-0.100354,0.4131133,0.007171246,0.905105
19.46161,0.03884146,0.01560018,-0.1306603,-0.09800271,0.4274895,0.0070656,0.8986647
19.4733,0.04001036,0.01485399,-0.1329549,-0.09540025,0.4409268,0.006610774,0.8924341
19.48415,0.04095642,0.01396302,-0.1351846,-0.09273319,0.4540474,0.006506958,0.8861147
19.49576,0.04175013,0.01308741,-0.1374985,-0.08922437,0.4663802,0.006175295,0.8800514
19.50613,0.04270756,0.01217032,-0.1397335,-0.08573815,0.4779925,0.005236397,0.8741537
19.51614,0.04350617,0.01109784,-0.141925,-0.08222221,0.4894522,0.00424135,0.8681349
19.52831,0.04428577,0.0101555,-0.1442128,-0.07831267,0.5001861,0.002900619,0.8623646
19.53883,0.04519117,0.009204026,-0.14664,-0.07489708,0.5103669,0.001336389,0.8566879
19.55062,0.04587956,0.008141246,-0.1490256,-0.07218461,0.5203651,-0.00056189,0.8508874
19.56197,0.0467245,0.007285118,-0.1515439,-0.06901079,0.5297381,-0.00254118,0.8453453
19.57213,0.04743712,0.006281156,-0.1540214,-0.06661003,0.5391427,-0.004205861,0.8395657
19.58407,0.04815012,0.005611803,-0.1564202,-0.06377249,0.548059,-0.005267117,0.8339884
19.59481,0.0488418,0.004847612,-0.1588386,-0.06151769,0.5569175,-0.006673646,0.8282596
19.60622,0.04948277,0.003888074,-0.1612582,-0.0589809,0.5652925,-0.008183367,0.8227385
19.61676,0.05007998,0.003015295,-0.163664,-0.05559402,0.5733237,-0.01002362,0.8173792
19.62761,0.05052058,0.002051599,-0.1660383,-0.05271267,0.5811281,-0.01201383,0.8120143
19.63995,0.05110869,0.001277577,-0.1685002,-0.05016292,0.5881673,-0.01430582,0.8070554
19.65019,0.05159096,0.0007238872,-0.1708178,-0.04820666,0.5947966,-0.01657302,0.8022584
19.66223,0.05192216,7.325411E-05,-0.1730421,-0.04665296,0.6007248,-0.01875711,0.797873
19.67287,0.05204305,-0.0005238131,-0.1749097,-0.0450001,0.6061239,-0.02097982,0.7938191
19.6846,0.05215226,-0.001226299,-0.1768289,-0.04339746,0.6105242,-0.02367152,0.7904533
19.69487,0.05222845,-0.001758657,-0.1787403,-0.04156811,0.6142327,-0.02632797,0.7875895
19.70603,0.05219871,-0.002306435,-0.1804595,-0.04085918,0.6177021,-0.02904673,0.7848127
19.71748,0.05220342,-0.002740271,-0.1821981,-0.04110822,0.6210012,-0.03138276,0.7821015
19.72749,0.0521744,-0.002933636,-0.1839233,-0.04058013,0.6247815,-0.03363241,0.7790188
19.73965,0.05203003,-0.003430203,-0.1856691,-0.04111542,0.6284577,-0.03530198,0.7759537
19.74999,0.05194176,-0.003617406,-0.1873721,-0.04065445,0.6320907,-0.03718662,0.7729332
19.7617,0.05173664,-0.003959693,-0.1889723,-0.04089669,0.63534,-0.03775865,0.7702239
19.77233,0.0515085,-0.004218113,-0.1903993,-0.04103196,0.6383651,-0.03845455,0.7676768
19.78429,0.05137622,-0.00440171,-0.1919122,-0.0407178,0.6408507,-0.03965311,0.7655587
19.79447,0.05109567,-0.004859082,-0.1933219,-0.04078602,0.64335,-0.04079551,0.7633957
19.80521,0.05068658,-0.005370978,-0.1944555,-0.04005045,0.645833,-0.04210319,0.7612641
19.81766,0.05043399,-0.005980782,-0.1957003,-0.03910317,0.6474601,-0.04401829,0.7598215
19.8294,0.05012887,-0.006520174,-0.1968162,-0.03821405,0.6494451,-0.04596874,0.7580552
19.84125,0.04985315,-0.006924637,-0.1979215,-0.03799256,0.6512836,-0.04739843,0.7563991
19.85043,0.04964135,-0.007203735,-0.1989944,-0.03762186,0.6529524,-0.04866216,0.7548972
19.86112,0.04931973,-0.007457409,-0.1997545,-0.03727507,0.6546695,-0.04951879,0.75337
19.87292,0.04909732,-0.007593796,-0.2005038,-0.03669024,0.6555054,-0.05002628,0.752638
19.88369,0.04882484,-0.007716674,-0.2011408,-0.03678005,0.6561252,-0.05025946,0.7520778
19.89444,0.04859925,-0.007586543,-0.2016895,-0.03745395,0.6565947,-0.05019083,0.7516392
19.90644,0.04835444,-0.007454913,-0.2021357,-0.0383306,0.6569866,-0.04980633,0.7512781
19.91662,0.0480739,-0.007419813,-0.2025677,-0.03887289,0.6571337,-0.04893434,0.7511789
19.92877,0.04771399,-0.007379152,-0.2029138,-0.03931603,0.6572965,-0.04832432,0.7510529
19.9398,0.04740632,-0.00728884,-0.2032006,-0.03964617,0.6573426,-0.04791032,0.7510216
19.95022,0.04715211,-0.007192023,-0.2035148,-0.04026578,0.6571671,-0.04769055,0.7511562
19.96212,0.04689503,-0.006995589,-0.2037354,-0.04102123,0.6569816,-0.04737793,0.7512974
19.97234,0.04667833,-0.006746676,-0.2039266,-0.042002,0.6567932,-0.04708055,0.7514266
19.98436,0.04647342,-0.006365407,-0.2040701,-0.04348856,0.6564612,-0.04632043,0.7516794
19.99448,0.04619543,-0.006027237,-0.2040714,-0.04505873,0.6562731,-0.04526526,0.7518154
20.00673,0.04592117,-0.005642865,-0.203947,-0.0462901,0.6556864,-0.04405408,0.7523243
20.01732,0.04565345,-0.005242534,-0.2037961,-0.04749572,0.6550761,-0.04271761,0.7528576
20.0276,0.04537073,-0.00477048,-0.203617,-0.04918585,0.6545061,-0.04098982,0.7533408
20.03972,0.04515299,-0.004085157,-0.2034453,-0.05115774,0.6539962,-0.03914284,0.7537504
20.05017,0.04493267,-0.003365219,-0.2032411,-0.05337677,0.6534155,-0.03672943,0.7542215
20.06197,0.04473333,-0.002468608,-0.2030565,-0.05655379,0.6529934,-0.03395882,0.7544853
20.07258,0.04448139,-0.001315605,-0.202758,-0.0604378,0.6530641,-0.03026223,0.7542803
20.08437,0.04430277,-0.0001559667,-0.2026997,-0.06527739,0.6529882,-0.0264326,0.7540867
20.09545,0.04397064,0.0009593777,-0.2024299,-0.06974711,0.6535352,-0.02245963,0.7533411
20.10571,0.04365855,0.002033327,-0.2022741,-0.07304214,0.6537665,-0.01905056,0.7529219
20.11793,0.04332716,0.002781574,-0.2020752,-0.07608496,0.6541515,-0.01556764,0.7523659
20.1276,0.04299117,0.003540624,-0.201848,-0.07885403,0.6545046,-0.01267773,0.7518278
20.13938,0.0427051,0.004049413,-0.2016821,-0.08097199,0.6546802,-0.01060504,0.7514818
20.1511,0.04241684,0.004627589,-0.2012925,-0.081347,0.6550802,-0.00897604,0.7511138
20.16092,0.04210818,0.004831631,-0.200995,-0.0829191,0.6550767,-0.006770907,0.7509682
20.17285,0.04183346,0.005339738,-0.2005025,-0.08335984,0.6551106,-0.005501446,0.7509001
20.18352,0.04159539,0.005866997,-0.1997455,-0.08342836,0.6548214,-0.004357808,0.7511522
20.19498,0.04149418,0.006062195,-0.1989499,-0.08371871,0.6534138,-0.003813109,0.7523478
20.20652,0.0413269,0.006185595,-0.1976771,-0.08398927,0.650786,-0.00349772,0.7545934
20.21672,0.04121384,0.0063954,-0.1960831,-0.0834055,0.6470547,-0.00395405,0.7578576
20.22723,0.04101183,0.006472036,-0.1939461,-0.08220314,0.6413146,-0.004765232,0.762847
20.2394,0.0408401,0.006466657,-0.1913733,-0.08030394,0.6327397,-0.006743449,0.77016
20.25006,0.04065601,0.006291158,-0.1885253,-0.07851569,0.6231792,-0.00817823,0.778085
20.26134,0.04042728,0.006129872,-0.1853809,-0.07536401,0.6110156,-0.009853973,0.7879614
20.27323,0.03993496,0.005743239,-0.1818461,-0.07090681,0.5970681,-0.01117797,0.7989725
20.28353,0.03938477,0.005048472,-0.1783604,-0.06643688,0.5828245,-0.01325312,0.8097692
20.29381,0.03871533,0.004233502,-0.1746642,-0.06097993,0.5680987,-0.01564802,0.8205489
20.30648,0.03800999,0.003119837,-0.1710904,-0.05429664,0.5518582,-0.01884862,0.8319551
20.31627,0.03704022,0.001994781,-0.1673208,-0.04706797,0.5363067,-0.02142979,0.8424373
20.32815,0.03601281,0.0007495247,-0.1637095,-0.03775738,0.5196258,-0.02394811,0.8532233
20.33877,0.03495165,-0.0006797388,-0.160068,-0.02875614,0.5029792,-0.02673735,0.8634061
20.34999,0.03379732,-0.002152521,-0.1563405,-0.01955386,0.4857342,-0.02981746,0.8733791
20.36193,0.03265443,-0.003386963,-0.1526339,-0.01153397,0.4668927,-0.032924,0.8836256
20.37194,0.0313642,-0.004431684,-0.1487557,-0.005256551,0.4483009,-0.03592764,0.893145
20.38397,0.03002187,-0.005108584,-0.1453033,-0.0007230002,0.428932,-0.0386697,0.9025085
20.39437,0.02842698,-0.005884361,-0.1420003,0.003505727,0.4108445,-0.04055842,0.9107961
20.40741,0.02706269,-0.00665867,-0.1391754,0.007965964,0.3935506,-0.04267874,0.9182772
20.41685,0.02560623,-0.007570188,-0.1363076,0.01295291,0.3764918,-0.04446373,0.9252617
20.42699,0.02403645,-0.008550886,-0.1337289,0.01817875,0.360088,-0.04589274,0.9316115
20.43899,0.02256787,-0.009310503,-0.1313235,0.02390107,0.3439737,-0.04714423,0.9374904
20.44911,0.02112638,-0.009847421,-0.1289759,0.02744425,0.3279048,-0.04793579,0.9430947
20.46005,0.01969956,-0.009602241,-0.1266844,0.02942085,0.3128256,-0.04744915,0.9481683
20.47283,0.01833692,-0.009432763,-0.1247269,0.02967199,0.298519,-0.04732103,0.952768
20.48403,0.0169655,-0.009355448,-0.1229105,0.03044669,0.2843692,-0.04804992,0.9570258
20.49521,0.01527177,-0.009379558,-0.1213154,0.0313272,0.2705855,-0.04806745,0.9609848
20.50557,0.01381154,-0.00903156,-0.11978,0.03199497,0.2559676,-0.04727334,0.9649985
20.51659,0.01237799,-0.008510903,-0.1183898,0.03085261,0.2417156,-0.04532757,0.9687967
20.52763,0.01096158,-0.007603697,-0.1170098,0.02918625,0.2277021,-0.04298938,0.9723434
20.53836,0.009440246,-0.006842356,-0.1158616,0.02697082,0.2140857,-0.04091901,0.9755847
20.55026,0.007841149,-0.006252605,-0.114886,0.02461315,0.2004403,-0.03880413,0.9786277
20.55934,0.006372665,-0.005434658,-0.1139591,0.02257417,0.1865035,-0.03688757,0.9815021
20.57224,0.00475247,-0.004557185,-0.1131946,0.01886542,0.1725952,-0.03441617,0.9842106
20.58274,0.003166838,-0.003461737,-0.1124655,0.01509804,0.1579226,-0.03237946,0.986805
20.59345,0.001370843,-0.002068695,-0.1118374,0.01010416,0.1422557,-0.03011902,0.98932
20.60505,-0.0008245381,-0.0004133247,-0.111209,0.003071802,0.1256582,-0.02761002,0.9916846
20.61606,-0.003119673,0.001288645,-0.1107331,-0.005240549,0.107966,-0.02602772,0.9938
20.62741,-0.005401799,0.003077295,-0.1104227,-0.01356063,0.08934434,-0.02572838,0.9955761
20.63843,-0.007718506,0.004724093,-0.1103492,-0.02198747,0.07113986,-0.02578652,0.9968905
20.64893,-0.009845242,0.006355245,-0.1104357,-0.03027498,0.0535567,-0.02577777,0.9977729
20.66158,-0.01192141,0.008191925,-0.1107489,-0.03998581,0.03575496,-0.02544264,0.9982362
20.67247,-0.01407213,0.0102782,-0.1111648,-0.04915619,0.01728276,-0.02447283,0.9983417
20.68244,-0.016495,0.01226832,-0.1117925,-0.05862596,-0.001576602,-0.02353061,0.9980014
20.69473,-0.01903484,0.0140975,-0.1127334,-0.06817569,-0.02132143,-0.02353682,0.9971677
20.70532,-0.02155673,0.0157617,-0.1136807,-0.07684004,-0.04118718,-0.02413362,0.9959
20.7172,-0.02387005,0.01698213,-0.1148154,-0.08404201,-0.06029214,-0.02512484,0.9943191
20.72795,-0.02598242,0.01815336,-0.1160093,-0.08983227,-0.07860477,-0.02612728,0.9925063
20.73837,-0.02803528,0.01914275,-0.1172533,-0.09505632,-0.09483466,-0.02728304,0.9905688
20.74996,-0.02943848,0.02005851,-0.118333,-0.09891976,-0.1101205,-0.02800847,0.9885868
20.7612,-0.03082987,0.02077652,-0.1194341,-0.1023641,-0.1226611,-0.02769463,0.9867669
20.77128,-0.03208186,0.02132986,-0.1204521,-0.105969,-0.1348543,-0.02682886,0.9848173
20.78381,-0.03315529,0.0217167,-0.1214842,-0.1085286,-0.1451928,-0.0253907,0.9831053
20.79393,-0.034187,0.02202894,-0.1224866,-0.110612,-0.1556026,-0.02441039,0.9813037
20.80626,-0.03503087,0.02213282,-0.1234092,-0.1113803,-0.164969,-0.02413476,0.9796924
20.81697,-0.03586777,0.02224847,-0.1243365,-0.1116973,-0.1738795,-0.02380964,0.9781221
20.82858,-0.03640562,0.02217393,-0.1250841,-0.1111844,-0.180748,-0.02424461,0.976924
20.83946,-0.03655002,0.02213128,-0.125658,-0.1109421,-0.1868929,-0.02399109,0.9758009
20.84893,-0.03641893,0.02202373,-0.1261824,-0.1104658,-0.1912103,-0.02296397,0.9750429
20.86122,-0.03618573,0.02187234,-0.1265508,-0.1095376,-0.1919175,-0.02348478,0.9749963
20.87106,-0.0358302,0.02183847,-0.1266466,-0.1098442,-0.1927126,-0.02181058,0.9748438
20.88324,-0.0353238,0.02194629,-0.1268982,-0.1101063,-0.1919074,-0.01864119,0.9750389
20.89344,-0.03491547,0.02190853,-0.1272014,-0.1100892,-0.190643,-0.01678801,0.9753224
20.90597,-0.0344815,0.02183548,-0.1273472,-0.1101359,-0.1892487,-0.01551135,0.9756098
20.91623,-0.03397907,0.02177361,-0.1275473,-0.1096689,-0.1881415,-0.01441914,0.9758933
20.92731,-0.03330791,0.02172718,-0.1275457,-0.108898,-0.1865487,-0.01347688,0.9762987
20.93812,-0.03265298,0.02161433,-0.1275048,-0.1081221,-0.1846595,-0.01294072,0.9767513
20.94913,-0.0319422,0.02153162,-0.1274565,-0.1072487,-0.1827766,-0.01280247,0.9772034
20.96126,-0.03124117,0.02152626,-0.1274287,-0.1058826,-0.1803471,-0.01393905,0.9777881
20.97196,-0.03052787,0.02144875,-0.1273533,-0.1052031,-0.1771213,-0.01538852,0.9784292
20.9839,-0.02959169,0.02132135,-0.1271879,-0.1043635,-0.1736998,-0.01583106,0.9791251
20.99433,-0.02871158,0.02116599,-0.1270882,-0.1032054,-0.169816,-0.01544662,0.979935
21.00468,-0.02775685,0.02099784,-0.1267728,-0.101869,-0.1657714,-0.01550197,0.9807661
21.01683,-0.02670833,0.02087614,-0.1264132,-0.1009314,-0.1613621,-0.01606849,0.981589
21.02729,-0.02577724,0.02090696,-0.1261205,-0.100021,-0.1566815,-0.01639251,0.9824347
21.03789,-0.02479315,0.02075339,-0.125797,-0.09948435,-0.1522325,-0.01667556,0.9831837
21.05004,-0.02389989,0.0206885,-0.1255392,-0.0983045,-0.1472595,-0.01661637,0.9840603
21.06123,-0.02299459,0.02044346,-0.1253193,-0.0974746,-0.1424624,-0.01590221,0.9848606
21.07263,-0.02210557,0.0202736,-0.1250986,-0.09635597,-0.1373532,-0.01545566,0.9857032
21.08273,-0.02138771,0.02013703,-0.1248683,-0.09591035,-0.1319812,-0.01444658,0.9864956
21.09327,-0.02060319,0.0202013,-0.1245363,-0.09522311,-0.1271065,-0.01342856,0.9872164
21.10585,-0.01991586,0.02008254,-0.1242139,-0.09551499,-0.1226277,-0.01188738,0.9877743
21.11677,-0.01933291,0.02007082,-0.1240741,-0.09497203,-0.1179886,-0.01112365,0.9884004
21.12696,-0.01874825,0.01997702,-0.1239558,-0.0949946,-0.1137893,-0.01034378,0.9888989
21.13932,-0.01817371,0.01996736,-0.1238624,-0.09468841,-0.1095956,-0.01009198,0.9894044
21.14946,-0.01764592,0.01999151,-0.1237772,-0.09436246,-0.1053041,-0.009520346,0.9899071
21.16018,-0.01713937,0.01989937,-0.1236455,-0.09463423,-0.101357,-0.008891445,0.990299
21.17219,-0.01680906,0.01998067,-0.1234477,-0.09495458,-0.09779656,-0.007731959,0.990636
21.18356,-0.01663715,0.02004729,-0.1233018,-0.09564517,-0.09494878,-0.006885943,0.9908528
21.19355,-0.01660536,0.02016223,-0.1232936,-0.09594113,-0.09233139,-0.005966032,0.9910775
21.20568,-0.01651575,0.02009991,-0.1233318,-0.09620611,-0.09092189,-0.005996966,0.991182
21.21681,-0.01652307,0.02008757,-0.123372,-0.09625104,-0.08997152,-0.005734526,0.9912658
21.22851,-0.01616505,0.02009785,-0.1233457,-0.09611757,-0.08936673,-0.005397538,0.9913354
21.23873,-0.0163143,0.02007941,-0.1234232,-0.09596989,-0.0885922,-0.005413315,0.9914191
21.2491,-0.01657042,0.02005458,-0.1234395,-0.09575351,-0.08801313,-0.005271943,0.9914925
21.26142,-0.01692547,0.02002256,-0.1234288,-0.09558411,-0.0878071,-0.00538113,0.9915265
21.27248,-0.01726349,0.02001251,-0.1234272,-0.09553875,-0.08774826,-0.005440292,0.9915357
21.28338,-0.01757992,0.02000234,-0.1234652,-0.09573495,-0.08792268,-0.005701354,0.9914998
21.29439,-0.01791893,0.01998592,-0.1235046,-0.09589477,-0.08818692,-0.00592962,0.9914596
21.30569,-0.01852764,0.01987289,-0.123522,-0.09578356,-0.08869778,-0.006182994,0.9914232
21.31742,-0.01893449,0.01978355,-0.1235647,-0.09564858,-0.08877193,-0.00600936,0.9914307
21.32773,-0.01932072,0.01963943,-0.1235843,-0.09533682,-0.08966953,-0.006162653,0.991379
21.33905,-0.01979685,0.019512,-0.1236147,-0.0949765,-0.09010114,-0.006197048,0.9913743
21.3494,-0.02018508,0.01939082,-0.1236005,-0.0946051,-0.09067291,-0.006225766,0.9913574
21.36129,-0.02059488,0.01932622,-0.1236522,-0.09438445,-0.09098728,-0.006136755,0.9913502
21.37088,-0.02100213,0.01925988,-0.1236962,-0.09415087,-0.09110659,-0.006053947,0.991362
21.38267,-0.02134651,0.01923419,-0.1237102,-0.09399825,-0.09131835,-0.005893655,0.9913579
21.39453,-0.0216864,0.01921086,-0.1237237,-0.09398168,-0.09146054,-0.005654834,0.9913478
21.40469,-0.02210392,0.01924422,-0.1237404,-0.09388141,-0.09139068,-0.005299185,0.9913657
21.41539,-0.02252953,0.0192479,-0.1237419,-0.09410299,-0.09116525,-0.005142595,0.9913663
21.42807,-0.02288891,0.01930849,-0.1237382,-0.09456719,-0.0909199,-0.005044578,0.9913452
21.43786,-0.02327281,0.01943553,-0.1237496,-0.09494489,-0.09060632,-0.004840373,0.9913388
21.44832,-0.0236207,0.01942896,-0.1237798,-0.09549828,-0.09020081,-0.00468063,0.9913234
21.46084,-0.0239512,0.01944985,-0.123795,-0.09585258,-0.08988017,-0.004315963,0.99132
21.47206,-0.02431556,0.01947612,-0.1238262,-0.09611364,-0.08953925,-0.003864722,0.9913274
21.48222,-0.02467499,0.01952837,-0.1238981,-0.0963892,-0.08937477,-0.00350208,0.9913168
21.49464,-0.02505799,0.0196326,-0.1239885,-0.09669568,-0.08927175,-0.003266055,0.9912971
21.50529,-0.02544564,0.01964317,-0.1240873,-0.09718273,-0.08908172,-0.00343409,0.991266
21.51658,-0.02580464,0.01971925,-0.1240939,-0.09731394,-0.08893359,-0.00373493,0.9912653
21.52724,-0.02615402,0.01975167,-0.1241296,-0.09780528,-0.08860394,-0.004065249,0.9912452
21.53897,-0.02642257,0.01981619,-0.1241164,-0.09813972,-0.0886112,-0.004169764,0.9912111
21.54886,-0.02677069,0.01983644,-0.124148,-0.09840471,-0.08817024,-0.004152291,0.9912242
21.55955,-0.02706973,0.01992255,-0.1241904,-0.09864155,-0.08796384,-0.004293977,0.9912183
21.57231,-0.02739732,0.01994376,-0.1242243,-0.09914927,-0.08773652,-0.00442473,0.9911873
21.58345,-0.02774641,0.02000577,-0.1243015,-0.09949414,-0.08728942,-0.00446596,0.9911919
21.5942,-0.02804074,0.02004644,-0.1243223,-0.09983401,-0.08693448,-0.004509864,0.9911888
21.60554,-0.0283167,0.02012061,-0.1243223,-0.1003455,-0.08652858,-0.00450853,0.9911727
21.61629,-0.02858953,0.02017315,-0.1243206,-0.1006667,-0.08611568,-0.004421159,0.9911765
21.62743,-0.02885304,0.02017572,-0.1243158,-0.1009275,-0.08574022,-0.004457648,0.9911823
21.63789,-0.02913914,0.02020768,-0.1243387,-0.1010974,-0.08531968,-0.004358622,0.9912017
21.64969,-0.02940336,0.02018931,-0.1244032,-0.1012975,-0.08496004,-0.004467464,0.9912117
21.66105,-0.02969049,0.02022251,-0.1244817,-0.1014043,-0.08467288,-0.004482606,0.9912254
21.67159,-0.02993347,0.02027213,-0.1245063,-0.101499,-0.08454026,-0.004536842,0.9912267
21.68152,-0.03020822,0.02034273,-0.1245046,-0.1017754,-0.08437343,-0.004492243,0.9912128
21.6945,-0.03047071,0.02038727,-0.1245053,-0.1023032,-0.08437204,-0.004535015,0.9911584
21.7061,-0.03078408,0.02047692,-0.1245076,-0.1025042,-0.08424518,-0.004407073,0.991149
21.71625,-0.0310519,0.02048449,-0.1245171,-0.1027239,-0.08419811,-0.004568969,0.9911295
21.72742,-0.03133713,0.02046748,-0.12454,-0.1030913,-0.08407885,-0.00456941,0.9911015
21.73858,-0.03156681,0.02044106,-0.1245652,-0.103284,-0.08420181,-0.004345516,0.9910719
21.7486,-0.03178057,0.02048227,-0.1245529,-0.103226,-0.08436628,-0.004106456,0.991065
21.76094,-0.03210273,0.02041805,-0.1245355,-0.1032429,-0.08429364,-0.003810984,0.9910706
21.77137,-0.03235592,0.02038954,-0.1244818,-0.1030648,-0.08448538,-0.00369858,0.9910733
21.78205,-0.0326111,0.02034399,-0.1244299,-0.1028857,-0.08465662,-0.003697727,0.9910772
21.79527,-0.03284156,0.02034354,-0.1243805,-0.1028783,-0.08494142,-0.003502214,0.9910544
21.80486,-0.03307267,0.02040232,-0.1243998,-0.1027996,-0.08506202,-0.003398598,0.9910526
21.8155,-0.03325558,0.0203633,-0.1244255,-0.1029205,-0.08541347,-0.003175457,0.9910105
21.82823,-0.03342719,0.02039518,-0.1244334,-0.1025168,-0.0857697,-0.003061992,0.991022
21.83806,-0.03369033,0.02035665,-0.1243914,-0.1022183,-0.08609147,-0.002983703,0.9910251
21.85018,-0.03390086,0.0202923,-0.1243252,-0.1019193,-0.08663572,-0.002896574,0.9910088
21.86043,-0.03412721,0.02021468,-0.1242568,-0.1016538,-0.08702356,-0.002877389,0.9910021
21.87244,-0.03431512,0.02016959,-0.1241797,-0.1013567,-0.08755536,-0.002852957,0.9909858
21.88389,-0.03449737,0.02008505,-0.1241269,-0.1009879,-0.08795652,-0.002903129,0.9909877
21.89441,-0.03469209,0.02001821,-0.1240815,-0.1007433,-0.08835053,-0.002899135,0.9909776
21.90582,-0.03484843,0.01993396,-0.1240331,-0.1007208,-0.08900705,-0.002783372,0.9909215
21.91597,-0.03504166,0.01995001,-0.1239864,-0.1004891,-0.08950721,-0.002798267,0.9908999
21.92785,-0.03525641,0.01985635,-0.1239216,-0.1005667,-0.09009648,-0.002856294,0.9908385
21.93833,-0.03542291,0.01982984,-0.1238434,-0.1004611,-0.09075201,-0.002901398,0.9907892
21.94977,-0.03558481,0.01978472,-0.1237746,-0.1002806,-0.09121639,-0.002952495,0.9907647
21.96144,-0.03570785,0.01973631,-0.1237287,-0.09996276,-0.09176006,-0.002815427,0.990747
